2026-08-05 16:51:14,649 DEBUG    compileone.theme: applied stylesheet C:\Users\User\OneDrive - LP Industries\Documents\Limon\Projects\CompileOne\app\ui\theme\vs_dark.qss
2026-08-05 16:54:59,601 DEBUG    compileone.theme: applied stylesheet C:\Users\User\OneDrive - LP Industries\Documents\Limon\Projects\CompileOne\app\ui\theme\vs_dark.qss
2026-08-06 07:51:51,034 DEBUG    compileone.theme: applied stylesheet C:\Users\User\OneDrive - LP Industries\Documents\Limon\Projects\CompileOne\app\ui\theme\vs_dark.qss
2026-08-06 07:51:55,679 DEBUG    compileone.backend: backend: C:\Users\User\OneDrive - LP Industries\Documents\Limon\Projects\CompileOne\Build\compileone.exe run --input C:\Users\User\OneDrive - LP Industries\Documents\Limon\Projects\CompileOne\Temp\compileone_source.mc --output C:\Users\User\OneDrive - LP Industries\Documents\Limon\Projects\CompileOne\Output\execution.json --language mini-c
2026-08-06 07:51:55,770 INFO     compileone.backend: backend[run]: run: status=ok exit=0 steps=2, 25.00 ms -> C:\Users\User\OneDrive - LP Industries\Documents\Limon\Projects\CompileOne\Output\execution.json
2026-08-06 07:51:55,787 INFO     compileone.orchestrator: execute: status=ok exit=0 steps=2
2026-08-06 07:52:49,306 DEBUG    compileone.backend: backend: C:\Users\User\OneDrive - LP Industries\Documents\Limon\Projects\CompileOne\Build\compileone.exe lex --input C:\Users\User\OneDrive - LP Industries\Documents\Limon\Projects\CompileOne\Temp\compileone_source.mc --output C:\Users\User\OneDrive - LP Industries\Documents\Limon\Projects\CompileOne\Output\token_stream.json --language mini-c
2026-08-06 07:52:49,327 INFO     compileone.backend: backend[lex]: lex: 17 tokens, 0 errors, 1.00 ms -> C:\Users\User\OneDrive - LP Industries\Documents\Limon\Projects\CompileOne\Output\token_stream.json
2026-08-06 07:52:49,349 DEBUG    compileone.store: artifact saved: C:\Users\User\OneDrive - LP Industries\Documents\Limon\Projects\CompileOne\Output\token_stream.json
2026-08-06 07:52:49,350 DEBUG    compileone.backend: backend: C:\Users\User\OneDrive - LP Industries\Documents\Limon\Projects\CompileOne\Build\compileone.exe run --input C:\Users\User\OneDrive - LP Industries\Documents\Limon\Projects\CompileOne\Temp\compileone_source.mc --output C:\Users\User\OneDrive - LP Industries\Documents\Limon\Projects\CompileOne\Output\execution.json --language mini-c
2026-08-06 07:52:49,362 INFO     compileone.backend: backend[run]: run: status=ok exit=0 steps=2, 0.00 ms -> C:\Users\User\OneDrive - LP Industries\Documents\Limon\Projects\CompileOne\Output\execution.json
2026-08-06 07:52:49,372 DEBUG    compileone.store: artifact saved: C:\Users\User\OneDrive - LP Industries\Documents\Limon\Projects\CompileOne\Output\execution.json
2026-08-06 07:52:49,373 INFO     compileone.orchestrator: compile_all: 2 phases run, 0 diagnostic(s)
2026-08-06 07:54:27,409 DEBUG    compileone.backend: backend: C:\Users\User\OneDrive - LP Industries\Documents\Limon\Projects\CompileOne\Build\compileone.exe lex --input C:\Users\User\OneDrive - LP Industries\Documents\Limon\Projects\CompileOne\Temp\compileone_source.mc --output C:\Users\User\OneDrive - LP Industries\Documents\Limon\Projects\CompileOne\Output\token_stream.json --language mini-c
2026-08-06 07:54:27,422 INFO     compileone.backend: backend[lex]: lex: 17 tokens, 0 errors, 1.00 ms -> C:\Users\User\OneDrive - LP Industries\Documents\Limon\Projects\CompileOne\Output\token_stream.json
2026-08-06 07:54:27,425 DEBUG    compileone.store: artifact saved: C:\Users\User\OneDrive - LP Industries\Documents\Limon\Projects\CompileOne\Output\token_stream.json
2026-08-06 07:54:27,425 DEBUG    compileone.backend: backend: C:\Users\User\OneDrive - LP Industries\Documents\Limon\Projects\CompileOne\Build\compileone.exe run --input C:\Users\User\OneDrive - LP Industries\Documents\Limon\Projects\CompileOne\Temp\compileone_source.mc --output C:\Users\User\OneDrive - LP Industries\Documents\Limon\Projects\CompileOne\Output\execution.json --language mini-c
2026-08-06 07:54:27,437 INFO     compileone.backend: backend[run]: run: status=ok exit=0 steps=2, 0.00 ms -> C:\Users\User\OneDrive - LP Industries\Documents\Limon\Projects\CompileOne\Output\execution.json
2026-08-06 07:54:27,438 DEBUG    compileone.store: artifact saved: C:\Users\User\OneDrive - LP Industries\Documents\Limon\Projects\CompileOne\Output\execution.json
2026-08-06 07:54:27,439 INFO     compileone.orchestrator: compile_all: 2 phases run, 0 diagnostic(s)
2026-08-06 07:54:28,367 DEBUG    compileone.backend: backend: C:\Users\User\OneDrive - LP Industries\Documents\Limon\Projects\CompileOne\Build\compileone.exe run --input C:\Users\User\OneDrive - LP Industries\Documents\Limon\Projects\CompileOne\Temp\compileone_source.mc --output C:\Users\User\OneDrive - LP Industries\Documents\Limon\Projects\CompileOne\Output\execution.json --language mini-c
2026-08-06 07:54:28,380 INFO     compileone.backend: backend[run]: run: status=ok exit=0 steps=2, 0.00 ms -> C:\Users\User\OneDrive - LP Industries\Documents\Limon\Projects\CompileOne\Output\execution.json
2026-08-06 07:54:28,381 INFO     compileone.orchestrator: execute: status=ok exit=0 steps=2
2026-08-06 07:54:30,101 DEBUG    compileone.backend: backend: C:\Users\User\OneDrive - LP Industries\Documents\Limon\Projects\CompileOne\Build\compileone.exe lex --input C:\Users\User\OneDrive - LP Industries\Documents\Limon\Projects\CompileOne\Temp\compileone_source.mc --output C:\Users\User\OneDrive - LP Industries\Documents\Limon\Projects\CompileOne\Output\token_stream.json --language mini-c
2026-08-06 07:54:30,112 INFO     compileone.backend: backend[lex]: lex: 17 tokens, 0 errors, 2.00 ms -> C:\Users\User\OneDrive - LP Industries\Documents\Limon\Projects\CompileOne\Output\token_stream.json
2026-08-06 07:54:30,129 DEBUG    compileone.store: artifact saved: C:\Users\User\OneDrive - LP Industries\Documents\Limon\Projects\CompileOne\Output\token_stream.json
2026-08-06 07:54:30,130 DEBUG    compileone.backend: backend: C:\Users\User\OneDrive - LP Industries\Documents\Limon\Projects\CompileOne\Build\compileone.exe run --input C:\Users\User\OneDrive - LP Industries\Documents\Limon\Projects\CompileOne\Temp\compileone_source.mc --output C:\Users\User\OneDrive - LP Industries\Documents\Limon\Projects\CompileOne\Output\execution.json --language mini-c
2026-08-06 07:54:30,141 INFO     compileone.backend: backend[run]: run: status=ok exit=0 steps=2, 0.00 ms -> C:\Users\User\OneDrive - LP Industries\Documents\Limon\Projects\CompileOne\Output\execution.json
2026-08-06 07:54:30,142 DEBUG    compileone.store: artifact saved: C:\Users\User\OneDrive - LP Industries\Documents\Limon\Projects\CompileOne\Output\execution.json
2026-08-06 07:54:30,143 INFO     compileone.orchestrator: compile_all: 2 phases run, 0 diagnostic(s)
2026-08-06 07:54:30,309 DEBUG    compileone.backend: backend: C:\Users\User\OneDrive - LP Industries\Documents\Limon\Projects\CompileOne\Build\compileone.exe lex --input C:\Users\User\OneDrive - LP Industries\Documents\Limon\Projects\CompileOne\Temp\compileone_source.mc --output C:\Users\User\OneDrive - LP Industries\Documents\Limon\Projects\CompileOne\Output\token_stream.json --language mini-c
2026-08-06 07:54:30,322 INFO     compileone.backend: backend[lex]: lex: 17 tokens, 0 errors, 2.00 ms -> C:\Users\User\OneDrive - LP Industries\Documents\Limon\Projects\CompileOne\Output\token_stream.json
2026-08-06 07:54:30,324 DEBUG    compileone.store: artifact saved: C:\Users\User\OneDrive - LP Industries\Documents\Limon\Projects\CompileOne\Output\token_stream.json
2026-08-06 07:54:30,324 DEBUG    compileone.backend: backend: C:\Users\User\OneDrive - LP Industries\Documents\Limon\Projects\CompileOne\Build\compileone.exe run --input C:\Users\User\OneDrive - LP Industries\Documents\Limon\Projects\CompileOne\Temp\compileone_source.mc --output C:\Users\User\OneDrive - LP Industries\Documents\Limon\Projects\CompileOne\Output\execution.json --language mini-c
2026-08-06 07:54:30,334 INFO     compileone.backend: backend[run]: run: status=ok exit=0 steps=2, 0.00 ms -> C:\Users\User\OneDrive - LP Industries\Documents\Limon\Projects\CompileOne\Output\execution.json
2026-08-06 07:54:30,336 DEBUG    compileone.store: artifact saved: C:\Users\User\OneDrive - LP Industries\Documents\Limon\Projects\CompileOne\Output\execution.json
2026-08-06 07:54:30,336 INFO     compileone.orchestrator: compile_all: 2 phases run, 0 diagnostic(s)
2026-08-06 07:54:30,497 DEBUG    compileone.backend: backend: C:\Users\User\OneDrive - LP Industries\Documents\Limon\Projects\CompileOne\Build\compileone.exe lex --input C:\Users\User\OneDrive - LP Industries\Documents\Limon\Projects\CompileOne\Temp\compileone_source.mc --output C:\Users\User\OneDrive - LP Industries\Documents\Limon\Projects\CompileOne\Output\token_stream.json --language mini-c
2026-08-06 07:54:30,507 INFO     compileone.backend: backend[lex]: lex: 17 tokens, 0 errors, 0.00 ms -> C:\Users\User\OneDrive - LP Industries\Documents\Limon\Projects\CompileOne\Output\token_stream.json
2026-08-06 07:54:30,527 DEBUG    compileone.store: artifact saved: C:\Users\User\OneDrive - LP Industries\Documents\Limon\Projects\CompileOne\Output\token_stream.json
2026-08-06 07:54:30,528 DEBUG    compileone.backend: backend: C:\Users\User\OneDrive - LP Industries\Documents\Limon\Projects\CompileOne\Build\compileone.exe run --input C:\Users\User\OneDrive - LP Industries\Documents\Limon\Projects\CompileOne\Temp\compileone_source.mc --output C:\Users\User\OneDrive - LP Industries\Documents\Limon\Projects\CompileOne\Output\execution.json --language mini-c
2026-08-06 07:54:30,541 INFO     compileone.backend: backend[run]: run: status=ok exit=0 steps=2, 0.00 ms -> C:\Users\User\OneDrive - LP Industries\Documents\Limon\Projects\CompileOne\Output\execution.json
2026-08-06 07:54:30,542 DEBUG    compileone.store: artifact saved: C:\Users\User\OneDrive - LP Industries\Documents\Limon\Projects\CompileOne\Output\execution.json
2026-08-06 07:54:30,543 INFO     compileone.orchestrator: compile_all: 2 phases run, 0 diagnostic(s)
2026-08-06 07:54:45,056 DEBUG    compileone.theme: applied stylesheet C:\Users\User\OneDrive - LP Industries\Documents\Limon\Projects\CompileOne\app\ui\theme\vs_dark.qss
2026-08-06 07:54:49,609 DEBUG    compileone.backend: backend: C:\Users\User\OneDrive - LP Industries\Documents\Limon\Projects\CompileOne\Build\compileone.exe lex --input C:\Users\User\OneDrive - LP Industries\Documents\Limon\Projects\CompileOne\Temp\compileone_source.mc --output C:\Users\User\OneDrive - LP Industries\Documents\Limon\Projects\CompileOne\Output\token_stream.json --language mini-c
2026-08-06 07:54:49,628 INFO     compileone.backend: backend[lex]: lex: 17 tokens, 0 errors, 7.00 ms -> C:\Users\User\OneDrive - LP Industries\Documents\Limon\Projects\CompileOne\Output\token_stream.json
2026-08-06 07:54:49,645 DEBUG    compileone.store: artifact saved: C:\Users\User\OneDrive - LP Industries\Documents\Limon\Projects\CompileOne\Output\token_stream.json
2026-08-06 07:54:49,646 DEBUG    compileone.backend: backend: C:\Users\User\OneDrive - LP Industries\Documents\Limon\Projects\CompileOne\Build\compileone.exe run --input C:\Users\User\OneDrive - LP Industries\Documents\Limon\Projects\CompileOne\Temp\compileone_source.mc --output C:\Users\User\OneDrive - LP Industries\Documents\Limon\Projects\CompileOne\Output\execution.json --language mini-c
2026-08-06 07:54:49,659 INFO     compileone.backend: backend[run]: run: status=ok exit=0 steps=2, 0.00 ms -> C:\Users\User\OneDrive - LP Industries\Documents\Limon\Projects\CompileOne\Output\execution.json
2026-08-06 07:54:49,663 DEBUG    compileone.store: artifact saved: C:\Users\User\OneDrive - LP Industries\Documents\Limon\Projects\CompileOne\Output\execution.json
2026-08-06 07:54:49,663 INFO     compileone.orchestrator: compile_all: 2 phases run, 0 diagnostic(s)
2026-08-06 07:55:01,453 DEBUG    compileone.backend: backend: C:\Users\User\OneDrive - LP Industries\Documents\Limon\Projects\CompileOne\Build\compileone.exe run --input C:\Users\User\OneDrive - LP Industries\Documents\Limon\Projects\CompileOne\Temp\compileone_source.mc --output C:\Users\User\OneDrive - LP Industries\Documents\Limon\Projects\CompileOne\Output\execution.json --language mini-c
2026-08-06 07:55:01,464 INFO     compileone.backend: backend[run]: run: status=ok exit=0 steps=2, 0.00 ms -> C:\Users\User\OneDrive - LP Industries\Documents\Limon\Projects\CompileOne\Output\execution.json
2026-08-06 07:55:01,465 INFO     compileone.orchestrator: execute: status=ok exit=0 steps=2
2026-08-06 07:57:13,802 DEBUG    compileone.theme: applied stylesheet C:\Users\User\OneDrive - LP Industries\Documents\Limon\Projects\CompileOne\app\ui\theme\vs_dark.qss
2026-08-06 07:57:17,498 DEBUG    compileone.backend: backend: C:\Users\User\OneDrive - LP Industries\Documents\Limon\Projects\CompileOne\Build\compileone.exe run --input C:\Users\User\OneDrive - LP Industries\Documents\Limon\Projects\CompileOne\Temp\compileone_source.mc --output C:\Users\User\OneDrive - LP Industries\Documents\Limon\Projects\CompileOne\Output\execution.json --language mini-c
2026-08-06 07:57:17,515 INFO     compileone.backend: backend[run]: run: status=ok exit=0 steps=2, 0.00 ms -> C:\Users\User\OneDrive - LP Industries\Documents\Limon\Projects\CompileOne\Output\execution.json
2026-08-06 07:57:17,516 INFO     compileone.orchestrator: execute: status=ok exit=0 steps=2
2026-08-06 07:57:20,440 DEBUG    compileone.backend: backend: C:\Users\User\OneDrive - LP Industries\Documents\Limon\Projects\CompileOne\Build\compileone.exe lex --input C:\Users\User\OneDrive - LP Industries\Documents\Limon\Projects\CompileOne\Temp\compileone_source.mc --output C:\Users\User\OneDrive - LP Industries\Documents\Limon\Projects\CompileOne\Output\token_stream.json --language mini-c
2026-08-06 07:57:20,458 INFO     compileone.backend: backend[lex]: lex: 17 tokens, 0 errors, 1.00 ms -> C:\Users\User\OneDrive - LP Industries\Documents\Limon\Projects\CompileOne\Output\token_stream.json
2026-08-06 07:57:20,460 DEBUG    compileone.store: artifact saved: C:\Users\User\OneDrive - LP Industries\Documents\Limon\Projects\CompileOne\Output\token_stream.json
2026-08-06 07:57:20,461 DEBUG    compileone.backend: backend: C:\Users\User\OneDrive - LP Industries\Documents\Limon\Projects\CompileOne\Build\compileone.exe run --input C:\Users\User\OneDrive - LP Industries\Documents\Limon\Projects\CompileOne\Temp\compileone_source.mc --output C:\Users\User\OneDrive - LP Industries\Documents\Limon\Projects\CompileOne\Output\execution.json --language mini-c
2026-08-06 07:57:20,473 INFO     compileone.backend: backend[run]: run: status=ok exit=0 steps=2, 0.00 ms -> C:\Users\User\OneDrive - LP Industries\Documents\Limon\Projects\CompileOne\Output\execution.json
2026-08-06 07:57:20,474 DEBUG    compileone.store: artifact saved: C:\Users\User\OneDrive - LP Industries\Documents\Limon\Projects\CompileOne\Output\execution.json
2026-08-06 07:57:20,475 INFO     compileone.orchestrator: compile_all: 2 phases run, 0 diagnostic(s)
2026-08-06 07:58:22,821 DEBUG    compileone.theme: applied stylesheet C:\Users\User\OneDrive - LP Industries\Documents\Limon\Projects\CompileOne\app\ui\theme\vs_dark.qss
2026-08-06 08:10:57,269 DEBUG    compileone.theme: applied stylesheet C:\Users\User\OneDrive - LP Industries\Documents\Limon\Projects\CompileOne\app\ui\theme\vs_dark.qss
2026-08-06 08:11:02,907 DEBUG    compileone.backend: backend: C:\Users\User\OneDrive - LP Industries\Documents\Limon\Projects\CompileOne\Build\compileone.exe run --input C:\Users\User\OneDrive - LP Industries\Documents\Limon\Projects\CompileOne\Temp\compileone_source.mc --output C:\Users\User\OneDrive - LP Industries\Documents\Limon\Projects\CompileOne\Output\execution.json --language mini-c
2026-08-06 08:11:02,967 INFO     compileone.backend: backend[run]: run: status=ok exit=0 steps=2, 2.00 ms -> C:\Users\User\OneDrive - LP Industries\Documents\Limon\Projects\CompileOne\Output\execution.json
2026-08-06 08:11:02,988 INFO     compileone.orchestrator: execute: status=ok exit=0 steps=2
2026-08-06 08:11:41,390 DEBUG    compileone.backend: backend: C:\Users\User\OneDrive - LP Industries\Documents\Limon\Projects\CompileOne\Build\compileone.exe lex --input C:\Users\User\OneDrive - LP Industries\Documents\Limon\Projects\CompileOne\Temp\compileone_source.mc --output C:\Users\User\OneDrive - LP Industries\Documents\Limon\Projects\CompileOne\Output\token_stream.json --language mini-c
2026-08-06 08:11:41,409 INFO     compileone.backend: backend[lex]: lex: 17 tokens, 0 errors, 3.00 ms -> C:\Users\User\OneDrive - LP Industries\Documents\Limon\Projects\CompileOne\Output\token_stream.json
2026-08-06 08:11:41,424 DEBUG    compileone.store: artifact saved: C:\Users\User\OneDrive - LP Industries\Documents\Limon\Projects\CompileOne\Output\token_stream.json
2026-08-06 08:11:41,424 DEBUG    compileone.backend: backend: C:\Users\User\OneDrive - LP Industries\Documents\Limon\Projects\CompileOne\Build\compileone.exe run --input C:\Users\User\OneDrive - LP Industries\Documents\Limon\Projects\CompileOne\Temp\compileone_source.mc --output C:\Users\User\OneDrive - LP Industries\Documents\Limon\Projects\CompileOne\Output\execution.json --language mini-c
2026-08-06 08:11:41,436 INFO     compileone.backend: backend[run]: run: status=ok exit=0 steps=2, 1.00 ms -> C:\Users\User\OneDrive - LP Industries\Documents\Limon\Projects\CompileOne\Output\execution.json
2026-08-06 08:11:41,454 DEBUG    compileone.store: artifact saved: C:\Users\User\OneDrive - LP Industries\Documents\Limon\Projects\CompileOne\Output\execution.json
2026-08-06 08:11:41,454 INFO     compileone.orchestrator: compile_all: 2 phases run, 0 diagnostic(s)
2026-08-06 11:00:27,758 DEBUG    compileone.theme: applied stylesheet C:\Users\User\OneDrive - LP Industries\Documents\Limon\Projects\CompileOne\app\ui\theme\vs_dark.qss
2026-08-06 11:00:33,343 DEBUG    compileone.backend: backend: C:\Users\User\OneDrive - LP Industries\Documents\Limon\Projects\CompileOne\Build\compileone.exe lex --input C:\Users\User\OneDrive - LP Industries\Documents\Limon\Projects\CompileOne\Temp\compileone_source.mc --output C:\Users\User\OneDrive - LP Industries\Documents\Limon\Projects\CompileOne\Output\token_stream.json --language mini-c
2026-08-06 11:00:33,375 INFO     compileone.backend: backend[lex]: lex: 17 tokens, 0 errors, 2.00 ms -> C:\Users\User\OneDrive - LP Industries\Documents\Limon\Projects\CompileOne\Output\token_stream.json
2026-08-06 11:00:33,399 DEBUG    compileone.store: artifact saved: C:\Users\User\OneDrive - LP Industries\Documents\Limon\Projects\CompileOne\Output\token_stream.json
2026-08-06 11:00:33,400 DEBUG    compileone.backend: backend: C:\Users\User\OneDrive - LP Industries\Documents\Limon\Projects\CompileOne\Build\compileone.exe run --input C:\Users\User\OneDrive - LP Industries\Documents\Limon\Projects\CompileOne\Temp\compileone_source.mc --output C:\Users\User\OneDrive - LP Industries\Documents\Limon\Projects\CompileOne\Output\execution.json --language mini-c
2026-08-06 11:00:33,420 INFO     compileone.backend: backend[run]: run: status=ok exit=0 steps=2, 0.00 ms -> C:\Users\User\OneDrive - LP Industries\Documents\Limon\Projects\CompileOne\Output\execution.json
2026-08-06 11:00:33,422 DEBUG    compileone.store: artifact saved: C:\Users\User\OneDrive - LP Industries\Documents\Limon\Projects\CompileOne\Output\execution.json
2026-08-06 11:00:33,427 INFO     compileone.orchestrator: compile_all: 2 phases run, 0 diagnostic(s)
2026-08-06 11:00:33,428 DEBUG    compileone.backend: backend: C:\Users\User\OneDrive - LP Industries\Documents\Limon\Projects\CompileOne\Build\compileone.exe run --input C:\Users\User\OneDrive - LP Industries\Documents\Limon\Projects\CompileOne\Temp\compileone_source.mc --output C:\Users\User\OneDrive - LP Industries\Documents\Limon\Projects\CompileOne\Output\execution.json --language mini-c
2026-08-06 11:00:33,445 INFO     compileone.backend: backend[run]: run: status=ok exit=0 steps=2, 0.00 ms -> C:\Users\User\OneDrive - LP Industries\Documents\Limon\Projects\CompileOne\Output\execution.json
2026-08-06 11:00:33,447 INFO     compileone.orchestrator: execute: status=ok exit=0 steps=2
2026-08-06 12:25:17,098 DEBUG    compileone.theme: applied stylesheet C:\Users\User\OneDrive - LP Industries\Documents\Limon\Projects\CompileOne\app\ui\theme\vs_dark.qss
2026-08-06 12:25:25,376 DEBUG    compileone.backend: backend: C:\Users\User\OneDrive - LP Industries\Documents\Limon\Projects\CompileOne\Build\compileone.exe lex --input C:\Users\User\OneDrive - LP Industries\Documents\Limon\Projects\CompileOne\Temp\compileone_source.mc --output C:\Users\User\OneDrive - LP Industries\Documents\Limon\Projects\CompileOne\Output\token_stream.json --language mini-c
2026-08-06 12:25:25,456 INFO     compileone.backend: backend[lex]: lex: 17 tokens, 0 errors, 49.00 ms -> C:\Users\User\OneDrive - LP Industries\Documents\Limon\Projects\CompileOne\Output\token_stream.json
2026-08-06 12:25:25,519 DEBUG    compileone.store: artifact saved: C:\Users\User\OneDrive - LP Industries\Documents\Limon\Projects\CompileOne\Output\token_stream.json
2026-08-06 12:25:25,521 DEBUG    compileone.backend: backend: C:\Users\User\OneDrive - LP Industries\Documents\Limon\Projects\CompileOne\Build\compileone.exe parse --input C:\Users\User\OneDrive - LP Industries\Documents\Limon\Projects\CompileOne\Output\token_stream.json --output C:\Users\User\OneDrive - LP Industries\Documents\Limon\Projects\CompileOne\Output\parse_tree.json --language mini-c
2026-08-06 12:25:25,601 INFO     compileone.backend: backend[parse]: parse: 47 node(s), 0 error(s), 0.00 ms -> C:\Users\User\OneDrive - LP Industries\Documents\Limon\Projects\CompileOne\Output\parse_tree.json
2026-08-06 12:25:25,629 DEBUG    compileone.store: artifact saved: C:\Users\User\OneDrive - LP Industries\Documents\Limon\Projects\CompileOne\Output\parse_tree.json
2026-08-06 12:25:25,631 DEBUG    compileone.backend: backend: C:\Users\User\OneDrive - LP Industries\Documents\Limon\Projects\CompileOne\Build\compileone.exe ast --input C:\Users\User\OneDrive - LP Industries\Documents\Limon\Projects\CompileOne\Output\parse_tree.json --output C:\Users\User\OneDrive - LP Industries\Documents\Limon\Projects\CompileOne\Output\ast.json --language mini-c
2026-08-06 12:25:25,682 INFO     compileone.backend: backend[ast]: ast: 14 node(s), 23.00 ms -> C:\Users\User\OneDrive - LP Industries\Documents\Limon\Projects\CompileOne\Output\ast.json
2026-08-06 12:25:25,726 DEBUG    compileone.store: artifact saved: C:\Users\User\OneDrive - LP Industries\Documents\Limon\Projects\CompileOne\Output\ast.json
2026-08-06 12:25:25,728 DEBUG    compileone.backend: backend: C:\Users\User\OneDrive - LP Industries\Documents\Limon\Projects\CompileOne\Build\compileone.exe semantic --input C:\Users\User\OneDrive - LP Industries\Documents\Limon\Projects\CompileOne\Output\ast.json --output C:\Users\User\OneDrive - LP Industries\Documents\Limon\Projects\CompileOne\Output\semantic.json --language mini-c
2026-08-06 12:25:25,797 INFO     compileone.backend: backend[semantic]: semantic: valid, 0 symbol(s), 0 diagnostic(s), 32.00 ms -> C:\Users\User\OneDrive - LP Industries\Documents\Limon\Projects\CompileOne\Output\semantic.json
2026-08-06 12:25:25,846 DEBUG    compileone.store: artifact saved: C:\Users\User\OneDrive - LP Industries\Documents\Limon\Projects\CompileOne\Output\semantic.json
2026-08-06 12:25:25,848 DEBUG    compileone.backend: backend: C:\Users\User\OneDrive - LP Industries\Documents\Limon\Projects\CompileOne\Build\compileone.exe ir --input C:\Users\User\OneDrive - LP Industries\Documents\Limon\Projects\CompileOne\Output\ast.json --output C:\Users\User\OneDrive - LP Industries\Documents\Limon\Projects\CompileOne\Output\ir.json --language mini-c
2026-08-06 12:25:25,885 INFO     compileone.backend: backend[ir]: ir: 12 instruction(s), 10 temp(s), 0 label(s), 2.00 ms -> C:\Users\User\OneDrive - LP Industries\Documents\Limon\Projects\CompileOne\Output\ir.json
2026-08-06 12:25:25,921 DEBUG    compileone.store: artifact saved: C:\Users\User\OneDrive - LP Industries\Documents\Limon\Projects\CompileOne\Output\ir.json
2026-08-06 12:25:25,922 DEBUG    compileone.backend: backend: C:\Users\User\OneDrive - LP Industries\Documents\Limon\Projects\CompileOne\Build\compileone.exe opt --input C:\Users\User\OneDrive - LP Industries\Documents\Limon\Projects\CompileOne\Output\ir.json --output C:\Users\User\OneDrive - LP Industries\Documents\Limon\Projects\CompileOne\Output\optimization.json --language mini-c
2026-08-06 12:25:25,990 INFO     compileone.backend: backend[opt]: opt: 12 -> 8 instruction(s), 6 optimization(s), 31.00 ms -> C:\Users\User\OneDrive - LP Industries\Documents\Limon\Projects\CompileOne\Output\optimization.json
2026-08-06 12:25:26,024 DEBUG    compileone.store: artifact saved: C:\Users\User\OneDrive - LP Industries\Documents\Limon\Projects\CompileOne\Output\optimization.json
2026-08-06 12:25:26,026 DEBUG    compileone.backend: backend: C:\Users\User\OneDrive - LP Industries\Documents\Limon\Projects\CompileOne\Build\compileone.exe codegen --input C:\Users\User\OneDrive - LP Industries\Documents\Limon\Projects\CompileOne\Output\optimization.json --output C:\Users\User\OneDrive - LP Industries\Documents\Limon\Projects\CompileOne\Output\assembly.json --language mini-c
2026-08-06 12:25:26,095 INFO     compileone.backend: backend[codegen]: codegen: 14 line(s), 0 string(s), 41.00 ms -> C:\Users\User\OneDrive - LP Industries\Documents\Limon\Projects\CompileOne\Output\assembly.json
2026-08-06 12:25:26,141 DEBUG    compileone.store: artifact saved: C:\Users\User\OneDrive - LP Industries\Documents\Limon\Projects\CompileOne\Output\assembly.json
2026-08-06 12:25:26,142 DEBUG    compileone.backend: backend: C:\Users\User\OneDrive - LP Industries\Documents\Limon\Projects\CompileOne\Build\compileone.exe run --input C:\Users\User\OneDrive - LP Industries\Documents\Limon\Projects\CompileOne\Temp\compileone_source.mc --output C:\Users\User\OneDrive - LP Industries\Documents\Limon\Projects\CompileOne\Output\execution.json --language mini-c
2026-08-06 12:25:26,174 INFO     compileone.backend: backend[run]: run: status=ok exit=0 steps=2, 0.00 ms -> C:\Users\User\OneDrive - LP Industries\Documents\Limon\Projects\CompileOne\Output\execution.json
2026-08-06 12:25:26,178 DEBUG    compileone.store: artifact saved: C:\Users\User\OneDrive - LP Industries\Documents\Limon\Projects\CompileOne\Output\execution.json
2026-08-06 12:25:26,180 INFO     compileone.orchestrator: compile_all: 8 phases run, 0 diagnostic(s)
2026-08-06 12:25:26,182 DEBUG    compileone.backend: backend: C:\Users\User\OneDrive - LP Industries\Documents\Limon\Projects\CompileOne\Build\compileone.exe run --input C:\Users\User\OneDrive - LP Industries\Documents\Limon\Projects\CompileOne\Temp\compileone_source.mc --output C:\Users\User\OneDrive - LP Industries\Documents\Limon\Projects\CompileOne\Output\execution.json --language mini-c
2026-08-06 12:25:26,213 INFO     compileone.backend: backend[run]: run: status=ok exit=0 steps=2, 0.00 ms -> C:\Users\User\OneDrive - LP Industries\Documents\Limon\Projects\CompileOne\Output\execution.json
2026-08-06 12:25:26,217 INFO     compileone.orchestrator: execute: status=ok exit=0 steps=2
2026-08-06 13:10:55,827 DEBUG    compileone.theme: applied stylesheet C:\Users\User\OneDrive - LP Industries\Documents\Limon\Projects\CompileOne\app\ui\theme\vs_dark.qss
2026-08-06 13:11:07,533 DEBUG    compileone.backend: backend: C:\Users\User\OneDrive - LP Industries\Documents\Limon\Projects\CompileOne\Build\compileone.exe lex --input C:\Users\User\OneDrive - LP Industries\Documents\Limon\Projects\CompileOne\Temp\compileone_source.mc --output C:\Users\User\OneDrive - LP Industries\Documents\Limon\Projects\CompileOne\Output\token_stream.json --language mini-c
2026-08-06 13:11:07,587 INFO     compileone.backend: backend[lex]: lex: 17 tokens, 0 errors, 1.00 ms -> C:\Users\User\OneDrive - LP Industries\Documents\Limon\Projects\CompileOne\Output\token_stream.json
2026-08-06 13:11:07,606 DEBUG    compileone.store: artifact saved: C:\Users\User\OneDrive - LP Industries\Documents\Limon\Projects\CompileOne\Output\token_stream.json
2026-08-06 13:11:07,607 DEBUG    compileone.backend: backend: C:\Users\User\OneDrive - LP Industries\Documents\Limon\Projects\CompileOne\Build\compileone.exe parse --input C:\Users\User\OneDrive - LP Industries\Documents\Limon\Projects\CompileOne\Output\token_stream.json --output C:\Users\User\OneDrive - LP Industries\Documents\Limon\Projects\CompileOne\Output\parse_tree.json --language mini-c
2026-08-06 13:11:07,644 INFO     compileone.backend: backend[parse]: parse: 29 node(s), 1 error(s), 0.00 ms -> C:\Users\User\OneDrive - LP Industries\Documents\Limon\Projects\CompileOne\Output\parse_tree.json
2026-08-06 13:11:07,666 DEBUG    compileone.store: artifact saved: C:\Users\User\OneDrive - LP Industries\Documents\Limon\Projects\CompileOne\Output\parse_tree.json
2026-08-06 13:11:07,667 DEBUG    compileone.backend: backend: C:\Users\User\OneDrive - LP Industries\Documents\Limon\Projects\CompileOne\Build\compileone.exe ast --input C:\Users\User\OneDrive - LP Industries\Documents\Limon\Projects\CompileOne\Output\parse_tree.json --output C:\Users\User\OneDrive - LP Industries\Documents\Limon\Projects\CompileOne\Output\ast.json --language mini-c
2026-08-06 13:11:07,703 INFO     compileone.backend: backend[ast]: ast: 8 node(s), 14.00 ms -> C:\Users\User\OneDrive - LP Industries\Documents\Limon\Projects\CompileOne\Output\ast.json
2026-08-06 13:11:07,731 DEBUG    compileone.store: artifact saved: C:\Users\User\OneDrive - LP Industries\Documents\Limon\Projects\CompileOne\Output\ast.json
2026-08-06 13:11:07,732 DEBUG    compileone.backend: backend: C:\Users\User\OneDrive - LP Industries\Documents\Limon\Projects\CompileOne\Build\compileone.exe semantic --input C:\Users\User\OneDrive - LP Industries\Documents\Limon\Projects\CompileOne\Output\ast.json --output C:\Users\User\OneDrive - LP Industries\Documents\Limon\Projects\CompileOne\Output\semantic.json --language mini-c
2026-08-06 13:11:07,764 INFO     compileone.backend: backend[semantic]: semantic: valid, 0 symbol(s), 0 diagnostic(s), 15.00 ms -> C:\Users\User\OneDrive - LP Industries\Documents\Limon\Projects\CompileOne\Output\semantic.json
2026-08-06 13:11:07,780 DEBUG    compileone.store: artifact saved: C:\Users\User\OneDrive - LP Industries\Documents\Limon\Projects\CompileOne\Output\semantic.json
2026-08-06 13:11:07,781 DEBUG    compileone.backend: backend: C:\Users\User\OneDrive - LP Industries\Documents\Limon\Projects\CompileOne\Build\compileone.exe ir --input C:\Users\User\OneDrive - LP Industries\Documents\Limon\Projects\CompileOne\Output\ast.json --output C:\Users\User\OneDrive - LP Industries\Documents\Limon\Projects\CompileOne\Output\ir.json --language mini-c
2026-08-06 13:11:07,795 INFO     compileone.backend: backend[ir]: ir: 6 instruction(s), 5 temp(s), 0 label(s), 0.00 ms -> C:\Users\User\OneDrive - LP Industries\Documents\Limon\Projects\CompileOne\Output\ir.json
2026-08-06 13:11:07,808 DEBUG    compileone.store: artifact saved: C:\Users\User\OneDrive - LP Industries\Documents\Limon\Projects\CompileOne\Output\ir.json
2026-08-06 13:11:07,810 DEBUG    compileone.backend: backend: C:\Users\User\OneDrive - LP Industries\Documents\Limon\Projects\CompileOne\Build\compileone.exe opt --input C:\Users\User\OneDrive - LP Industries\Documents\Limon\Projects\CompileOne\Output\ir.json --output C:\Users\User\OneDrive - LP Industries\Documents\Limon\Projects\CompileOne\Output\optimization.json --language mini-c
2026-08-06 13:11:07,842 INFO     compileone.backend: backend[opt]: opt: 6 -> 4 instruction(s), 3 optimization(s), 15.00 ms -> C:\Users\User\OneDrive - LP Industries\Documents\Limon\Projects\CompileOne\Output\optimization.json
2026-08-06 13:11:07,858 DEBUG    compileone.store: artifact saved: C:\Users\User\OneDrive - LP Industries\Documents\Limon\Projects\CompileOne\Output\optimization.json
2026-08-06 13:11:07,859 DEBUG    compileone.backend: backend: C:\Users\User\OneDrive - LP Industries\Documents\Limon\Projects\CompileOne\Build\compileone.exe codegen --input C:\Users\User\OneDrive - LP Industries\Documents\Limon\Projects\CompileOne\Output\optimization.json --output C:\Users\User\OneDrive - LP Industries\Documents\Limon\Projects\CompileOne\Output\assembly.json --language mini-c
2026-08-06 13:11:07,887 INFO     compileone.backend: backend[codegen]: codegen: 9 line(s), 0 string(s), 13.00 ms -> C:\Users\User\OneDrive - LP Industries\Documents\Limon\Projects\CompileOne\Output\assembly.json
2026-08-06 13:11:07,908 DEBUG    compileone.store: artifact saved: C:\Users\User\OneDrive - LP Industries\Documents\Limon\Projects\CompileOne\Output\assembly.json
2026-08-06 13:11:07,909 DEBUG    compileone.backend: backend: C:\Users\User\OneDrive - LP Industries\Documents\Limon\Projects\CompileOne\Build\compileone.exe run --input C:\Users\User\OneDrive - LP Industries\Documents\Limon\Projects\CompileOne\Temp\compileone_source.mc --output C:\Users\User\OneDrive - LP Industries\Documents\Limon\Projects\CompileOne\Output\execution.json --language mini-c
2026-08-06 13:11:07,924 INFO     compileone.backend: backend[run]: run: status=runtime-error exit=1 steps=1, 0.00 ms -> C:\Users\User\OneDrive - LP Industries\Documents\Limon\Projects\CompileOne\Output\execution.json
2026-08-06 13:11:07,936 DEBUG    compileone.store: artifact saved: C:\Users\User\OneDrive - LP Industries\Documents\Limon\Projects\CompileOne\Output\execution.json
2026-08-06 13:11:07,937 INFO     compileone.orchestrator: compile_all: 8 phases run, 1 diagnostic(s)
2026-08-06 13:11:07,937 DEBUG    compileone.backend: backend: C:\Users\User\OneDrive - LP Industries\Documents\Limon\Projects\CompileOne\Build\compileone.exe run --input C:\Users\User\OneDrive - LP Industries\Documents\Limon\Projects\CompileOne\Temp\compileone_source.mc --output C:\Users\User\OneDrive - LP Industries\Documents\Limon\Projects\CompileOne\Output\execution.json --language mini-c
2026-08-06 13:11:07,950 INFO     compileone.backend: backend[run]: run: status=runtime-error exit=1 steps=1, 0.00 ms -> C:\Users\User\OneDrive - LP Industries\Documents\Limon\Projects\CompileOne\Output\execution.json
2026-08-06 13:11:07,951 INFO     compileone.orchestrator: execute: status=runtime-error exit=1 steps=1
2026-08-06 13:11:34,231 DEBUG    compileone.backend: backend: C:\Users\User\OneDrive - LP Industries\Documents\Limon\Projects\CompileOne\Build\compileone.exe lex --input C:\Users\User\OneDrive - LP Industries\Documents\Limon\Projects\CompileOne\Temp\compileone_source.mc --output C:\Users\User\OneDrive - LP Industries\Documents\Limon\Projects\CompileOne\Output\token_stream.json --language mini-c
2026-08-06 13:11:34,256 INFO     compileone.backend: backend[lex]: lex: 16 tokens, 0 errors, 14.00 ms -> C:\Users\User\OneDrive - LP Industries\Documents\Limon\Projects\CompileOne\Output\token_stream.json
2026-08-06 13:11:34,270 DEBUG    compileone.store: artifact saved: C:\Users\User\OneDrive - LP Industries\Documents\Limon\Projects\CompileOne\Output\token_stream.json
2026-08-06 13:11:34,271 DEBUG    compileone.backend: backend: C:\Users\User\OneDrive - LP Industries\Documents\Limon\Projects\CompileOne\Build\compileone.exe parse --input C:\Users\User\OneDrive - LP Industries\Documents\Limon\Projects\CompileOne\Output\token_stream.json --output C:\Users\User\OneDrive - LP Industries\Documents\Limon\Projects\CompileOne\Output\parse_tree.json --language mini-c
2026-08-06 13:11:34,300 INFO     compileone.backend: backend[parse]: parse: 47 node(s), 0 error(s), 0.00 ms -> C:\Users\User\OneDrive - LP Industries\Documents\Limon\Projects\CompileOne\Output\parse_tree.json
2026-08-06 13:11:34,303 DEBUG    compileone.store: artifact saved: C:\Users\User\OneDrive - LP Industries\Documents\Limon\Projects\CompileOne\Output\parse_tree.json
2026-08-06 13:11:34,304 DEBUG    compileone.backend: backend: C:\Users\User\OneDrive - LP Industries\Documents\Limon\Projects\CompileOne\Build\compileone.exe ast --input C:\Users\User\OneDrive - LP Industries\Documents\Limon\Projects\CompileOne\Output\parse_tree.json --output C:\Users\User\OneDrive - LP Industries\Documents\Limon\Projects\CompileOne\Output\ast.json --language mini-c
2026-08-06 13:11:34,338 INFO     compileone.backend: backend[ast]: ast: 14 node(s), 12.00 ms -> C:\Users\User\OneDrive - LP Industries\Documents\Limon\Projects\CompileOne\Output\ast.json
2026-08-06 13:11:34,351 DEBUG    compileone.store: artifact saved: C:\Users\User\OneDrive - LP Industries\Documents\Limon\Projects\CompileOne\Output\ast.json
2026-08-06 13:11:34,352 DEBUG    compileone.backend: backend: C:\Users\User\OneDrive - LP Industries\Documents\Limon\Projects\CompileOne\Build\compileone.exe semantic --input C:\Users\User\OneDrive - LP Industries\Documents\Limon\Projects\CompileOne\Output\ast.json --output C:\Users\User\OneDrive - LP Industries\Documents\Limon\Projects\CompileOne\Output\semantic.json --language mini-c
2026-08-06 13:11:34,384 INFO     compileone.backend: backend[semantic]: semantic: valid, 0 symbol(s), 0 diagnostic(s), 19.00 ms -> C:\Users\User\OneDrive - LP Industries\Documents\Limon\Projects\CompileOne\Output\semantic.json
2026-08-06 13:11:34,399 DEBUG    compileone.store: artifact saved: C:\Users\User\OneDrive - LP Industries\Documents\Limon\Projects\CompileOne\Output\semantic.json
2026-08-06 13:11:34,399 DEBUG    compileone.backend: backend: C:\Users\User\OneDrive - LP Industries\Documents\Limon\Projects\CompileOne\Build\compileone.exe ir --input C:\Users\User\OneDrive - LP Industries\Documents\Limon\Projects\CompileOne\Output\ast.json --output C:\Users\User\OneDrive - LP Industries\Documents\Limon\Projects\CompileOne\Output\ir.json --language mini-c
2026-08-06 13:11:34,413 INFO     compileone.backend: backend[ir]: ir: 12 instruction(s), 10 temp(s), 0 label(s), 0.00 ms -> C:\Users\User\OneDrive - LP Industries\Documents\Limon\Projects\CompileOne\Output\ir.json
2026-08-06 13:11:34,431 DEBUG    compileone.store: artifact saved: C:\Users\User\OneDrive - LP Industries\Documents\Limon\Projects\CompileOne\Output\ir.json
2026-08-06 13:11:34,432 DEBUG    compileone.backend: backend: C:\Users\User\OneDrive - LP Industries\Documents\Limon\Projects\CompileOne\Build\compileone.exe opt --input C:\Users\User\OneDrive - LP Industries\Documents\Limon\Projects\CompileOne\Output\ir.json --output C:\Users\User\OneDrive - LP Industries\Documents\Limon\Projects\CompileOne\Output\optimization.json --language mini-c
2026-08-06 13:11:34,466 INFO     compileone.backend: backend[opt]: opt: 12 -> 8 instruction(s), 6 optimization(s), 28.00 ms -> C:\Users\User\OneDrive - LP Industries\Documents\Limon\Projects\CompileOne\Output\optimization.json
2026-08-06 13:11:34,491 DEBUG    compileone.store: artifact saved: C:\Users\User\OneDrive - LP Industries\Documents\Limon\Projects\CompileOne\Output\optimization.json
2026-08-06 13:11:34,492 DEBUG    compileone.backend: backend: C:\Users\User\OneDrive - LP Industries\Documents\Limon\Projects\CompileOne\Build\compileone.exe codegen --input C:\Users\User\OneDrive - LP Industries\Documents\Limon\Projects\CompileOne\Output\optimization.json --output C:\Users\User\OneDrive - LP Industries\Documents\Limon\Projects\CompileOne\Output\assembly.json --language mini-c
2026-08-06 13:11:34,521 INFO     compileone.backend: backend[codegen]: codegen: 14 line(s), 0 string(s), 14.00 ms -> C:\Users\User\OneDrive - LP Industries\Documents\Limon\Projects\CompileOne\Output\assembly.json
2026-08-06 13:11:34,542 DEBUG    compileone.store: artifact saved: C:\Users\User\OneDrive - LP Industries\Documents\Limon\Projects\CompileOne\Output\assembly.json
2026-08-06 13:11:34,543 DEBUG    compileone.backend: backend: C:\Users\User\OneDrive - LP Industries\Documents\Limon\Projects\CompileOne\Build\compileone.exe run --input C:\Users\User\OneDrive - LP Industries\Documents\Limon\Projects\CompileOne\Temp\compileone_source.mc --output C:\Users\User\OneDrive - LP Industries\Documents\Limon\Projects\CompileOne\Output\execution.json --language mini-c
2026-08-06 13:11:34,555 INFO     compileone.backend: backend[run]: run: status=ok exit=0 steps=2, 0.00 ms -> C:\Users\User\OneDrive - LP Industries\Documents\Limon\Projects\CompileOne\Output\execution.json
2026-08-06 13:11:34,557 DEBUG    compileone.store: artifact saved: C:\Users\User\OneDrive - LP Industries\Documents\Limon\Projects\CompileOne\Output\execution.json
2026-08-06 13:11:34,557 INFO     compileone.orchestrator: compile_all: 8 phases run, 0 diagnostic(s)
2026-08-06 13:11:34,558 DEBUG    compileone.backend: backend: C:\Users\User\OneDrive - LP Industries\Documents\Limon\Projects\CompileOne\Build\compileone.exe run --input C:\Users\User\OneDrive - LP Industries\Documents\Limon\Projects\CompileOne\Temp\compileone_source.mc --output C:\Users\User\OneDrive - LP Industries\Documents\Limon\Projects\CompileOne\Output\execution.json --language mini-c
2026-08-06 13:11:34,568 INFO     compileone.backend: backend[run]: run: status=ok exit=0 steps=2, 0.00 ms -> C:\Users\User\OneDrive - LP Industries\Documents\Limon\Projects\CompileOne\Output\execution.json
2026-08-06 13:11:34,570 INFO     compileone.orchestrator: execute: status=ok exit=0 steps=2
2026-08-06 13:22:33,115 DEBUG    compileone.theme: applied stylesheet C:\Users\User\OneDrive - LP Industries\Documents\Limon\Projects\CompileOne\app\ui\theme\vs_dark.qss
2026-08-06 13:22:47,163 DEBUG    compileone.backend: backend: C:\Users\User\OneDrive - LP Industries\Documents\Limon\Projects\CompileOne\Build\compileone.exe lex --input C:\Users\User\OneDrive - LP Industries\Documents\Limon\Projects\CompileOne\Temp\compileone_source.mc --output C:\Users\User\OneDrive - LP Industries\Documents\Limon\Projects\CompileOne\Output\token_stream.json --language c
2026-08-06 13:22:47,183 INFO     compileone.backend: backend[lex]: compileone: lex phase supports language 'mini-c' only (got 'c')
2026-08-06 13:22:47,184 DEBUG    compileone.backend: backend: C:\Users\User\OneDrive - LP Industries\Documents\Limon\Projects\CompileOne\Build\compileone.exe parse --input C:\Users\User\OneDrive - LP Industries\Documents\Limon\Projects\CompileOne\Output\token_stream.json --output C:\Users\User\OneDrive - LP Industries\Documents\Limon\Projects\CompileOne\Output\parse_tree.json --language c
2026-08-06 13:22:47,197 INFO     compileone.backend: backend[parse]: parse: 47 node(s), 0 error(s), 0.00 ms -> C:\Users\User\OneDrive - LP Industries\Documents\Limon\Projects\CompileOne\Output\parse_tree.json
2026-08-06 13:22:47,199 DEBUG    compileone.store: artifact saved: C:\Users\User\OneDrive - LP Industries\Documents\Limon\Projects\CompileOne\Output\parse_tree.json
2026-08-06 13:22:47,200 DEBUG    compileone.backend: backend: C:\Users\User\OneDrive - LP Industries\Documents\Limon\Projects\CompileOne\Build\compileone.exe ast --input C:\Users\User\OneDrive - LP Industries\Documents\Limon\Projects\CompileOne\Output\parse_tree.json --output C:\Users\User\OneDrive - LP Industries\Documents\Limon\Projects\CompileOne\Output\ast.json --language c
2026-08-06 13:22:47,231 INFO     compileone.backend: backend[ast]: ast: 14 node(s), 18.00 ms -> C:\Users\User\OneDrive - LP Industries\Documents\Limon\Projects\CompileOne\Output\ast.json
2026-08-06 13:22:47,245 DEBUG    compileone.store: artifact saved: C:\Users\User\OneDrive - LP Industries\Documents\Limon\Projects\CompileOne\Output\ast.json
2026-08-06 13:22:47,246 DEBUG    compileone.backend: backend: C:\Users\User\OneDrive - LP Industries\Documents\Limon\Projects\CompileOne\Build\compileone.exe semantic --input C:\Users\User\OneDrive - LP Industries\Documents\Limon\Projects\CompileOne\Output\ast.json --output C:\Users\User\OneDrive - LP Industries\Documents\Limon\Projects\CompileOne\Output\semantic.json --language c
2026-08-06 13:22:47,279 INFO     compileone.backend: backend[semantic]: semantic: valid, 0 symbol(s), 0 diagnostic(s), 19.00 ms -> C:\Users\User\OneDrive - LP Industries\Documents\Limon\Projects\CompileOne\Output\semantic.json
2026-08-06 13:22:47,281 DEBUG    compileone.store: artifact saved: C:\Users\User\OneDrive - LP Industries\Documents\Limon\Projects\CompileOne\Output\semantic.json
2026-08-06 13:22:47,281 DEBUG    compileone.backend: backend: C:\Users\User\OneDrive - LP Industries\Documents\Limon\Projects\CompileOne\Build\compileone.exe ir --input C:\Users\User\OneDrive - LP Industries\Documents\Limon\Projects\CompileOne\Output\ast.json --output C:\Users\User\OneDrive - LP Industries\Documents\Limon\Projects\CompileOne\Output\ir.json --language c
2026-08-06 13:22:47,298 INFO     compileone.backend: backend[ir]: ir: 12 instruction(s), 10 temp(s), 0 label(s), 0.00 ms -> C:\Users\User\OneDrive - LP Industries\Documents\Limon\Projects\CompileOne\Output\ir.json
2026-08-06 13:22:47,300 DEBUG    compileone.store: artifact saved: C:\Users\User\OneDrive - LP Industries\Documents\Limon\Projects\CompileOne\Output\ir.json
2026-08-06 13:22:47,301 DEBUG    compileone.backend: backend: C:\Users\User\OneDrive - LP Industries\Documents\Limon\Projects\CompileOne\Build\compileone.exe opt --input C:\Users\User\OneDrive - LP Industries\Documents\Limon\Projects\CompileOne\Output\ir.json --output C:\Users\User\OneDrive - LP Industries\Documents\Limon\Projects\CompileOne\Output\optimization.json --language c
2026-08-06 13:22:47,316 INFO     compileone.backend: backend[opt]: opt: 12 -> 8 instruction(s), 6 optimization(s), 1.00 ms -> C:\Users\User\OneDrive - LP Industries\Documents\Limon\Projects\CompileOne\Output\optimization.json
2026-08-06 13:22:47,351 DEBUG    compileone.store: artifact saved: C:\Users\User\OneDrive - LP Industries\Documents\Limon\Projects\CompileOne\Output\optimization.json
2026-08-06 13:22:47,351 DEBUG    compileone.backend: backend: C:\Users\User\OneDrive - LP Industries\Documents\Limon\Projects\CompileOne\Build\compileone.exe codegen --input C:\Users\User\OneDrive - LP Industries\Documents\Limon\Projects\CompileOne\Output\optimization.json --output C:\Users\User\OneDrive - LP Industries\Documents\Limon\Projects\CompileOne\Output\assembly.json --language c
2026-08-06 13:22:47,381 INFO     compileone.backend: backend[codegen]: codegen: 14 line(s), 0 string(s), 14.00 ms -> C:\Users\User\OneDrive - LP Industries\Documents\Limon\Projects\CompileOne\Output\assembly.json
2026-08-06 13:22:47,383 DEBUG    compileone.store: artifact saved: C:\Users\User\OneDrive - LP Industries\Documents\Limon\Projects\CompileOne\Output\assembly.json
2026-08-06 13:22:47,384 DEBUG    compileone.backend: backend: C:\Users\User\OneDrive - LP Industries\Documents\Limon\Projects\CompileOne\Build\compileone.exe run --input C:\Users\User\OneDrive - LP Industries\Documents\Limon\Projects\CompileOne\Temp\compileone_source.mc --output C:\Users\User\OneDrive - LP Industries\Documents\Limon\Projects\CompileOne\Output\execution.json --language c
2026-08-06 13:22:47,400 INFO     compileone.backend: backend[run]: compileone: run phase supports language 'mini-c' only (got 'c')
2026-08-06 13:22:47,401 INFO     compileone.orchestrator: compile_all: 6 phases run, 2 diagnostic(s)
2026-08-06 13:22:47,401 DEBUG    compileone.backend: backend: C:\Users\User\OneDrive - LP Industries\Documents\Limon\Projects\CompileOne\Build\compileone.exe run --input C:\Users\User\OneDrive - LP Industries\Documents\Limon\Projects\CompileOne\Temp\compileone_source.mc --output C:\Users\User\OneDrive - LP Industries\Documents\Limon\Projects\CompileOne\Output\execution.json --language c
2026-08-06 13:22:47,414 INFO     compileone.backend: backend[run]: compileone: run phase supports language 'mini-c' only (got 'c')
2026-08-06 13:22:56,991 DEBUG    compileone.backend: backend: C:\Users\User\OneDrive - LP Industries\Documents\Limon\Projects\CompileOne\Build\compileone.exe lex --input C:\Users\User\OneDrive - LP Industries\Documents\Limon\Projects\CompileOne\Temp\compileone_source.mc --output C:\Users\User\OneDrive - LP Industries\Documents\Limon\Projects\CompileOne\Output\token_stream.json --language mini-c
2026-08-06 13:22:57,004 INFO     compileone.backend: backend[lex]: lex: 17 tokens, 0 errors, 2.00 ms -> C:\Users\User\OneDrive - LP Industries\Documents\Limon\Projects\CompileOne\Output\token_stream.json
2026-08-06 13:22:57,006 DEBUG    compileone.store: artifact saved: C:\Users\User\OneDrive - LP Industries\Documents\Limon\Projects\CompileOne\Output\token_stream.json
2026-08-06 13:22:57,007 DEBUG    compileone.backend: backend: C:\Users\User\OneDrive - LP Industries\Documents\Limon\Projects\CompileOne\Build\compileone.exe parse --input C:\Users\User\OneDrive - LP Industries\Documents\Limon\Projects\CompileOne\Output\token_stream.json --output C:\Users\User\OneDrive - LP Industries\Documents\Limon\Projects\CompileOne\Output\parse_tree.json --language mini-c
2026-08-06 13:22:57,021 INFO     compileone.backend: backend[parse]: parse: 29 node(s), 1 error(s), 0.00 ms -> C:\Users\User\OneDrive - LP Industries\Documents\Limon\Projects\CompileOne\Output\parse_tree.json
2026-08-06 13:22:57,023 DEBUG    compileone.store: artifact saved: C:\Users\User\OneDrive - LP Industries\Documents\Limon\Projects\CompileOne\Output\parse_tree.json
2026-08-06 13:22:57,023 DEBUG    compileone.backend: backend: C:\Users\User\OneDrive - LP Industries\Documents\Limon\Projects\CompileOne\Build\compileone.exe ast --input C:\Users\User\OneDrive - LP Industries\Documents\Limon\Projects\CompileOne\Output\parse_tree.json --output C:\Users\User\OneDrive - LP Industries\Documents\Limon\Projects\CompileOne\Output\ast.json --language mini-c
2026-08-06 13:22:57,053 INFO     compileone.backend: backend[ast]: ast: 8 node(s), 16.00 ms -> C:\Users\User\OneDrive - LP Industries\Documents\Limon\Projects\CompileOne\Output\ast.json
2026-08-06 13:22:57,069 DEBUG    compileone.store: artifact saved: C:\Users\User\OneDrive - LP Industries\Documents\Limon\Projects\CompileOne\Output\ast.json
2026-08-06 13:22:57,071 DEBUG    compileone.backend: backend: C:\Users\User\OneDrive - LP Industries\Documents\Limon\Projects\CompileOne\Build\compileone.exe semantic --input C:\Users\User\OneDrive - LP Industries\Documents\Limon\Projects\CompileOne\Output\ast.json --output C:\Users\User\OneDrive - LP Industries\Documents\Limon\Projects\CompileOne\Output\semantic.json --language mini-c
2026-08-06 13:22:57,099 INFO     compileone.backend: backend[semantic]: semantic: valid, 0 symbol(s), 0 diagnostic(s), 10.00 ms -> C:\Users\User\OneDrive - LP Industries\Documents\Limon\Projects\CompileOne\Output\semantic.json
2026-08-06 13:22:57,116 DEBUG    compileone.store: artifact saved: C:\Users\User\OneDrive - LP Industries\Documents\Limon\Projects\CompileOne\Output\semantic.json
2026-08-06 13:22:57,117 DEBUG    compileone.backend: backend: C:\Users\User\OneDrive - LP Industries\Documents\Limon\Projects\CompileOne\Build\compileone.exe ir --input C:\Users\User\OneDrive - LP Industries\Documents\Limon\Projects\CompileOne\Output\ast.json --output C:\Users\User\OneDrive - LP Industries\Documents\Limon\Projects\CompileOne\Output\ir.json --language mini-c
2026-08-06 13:22:57,130 INFO     compileone.backend: backend[ir]: ir: 6 instruction(s), 5 temp(s), 0 label(s), 4.00 ms -> C:\Users\User\OneDrive - LP Industries\Documents\Limon\Projects\CompileOne\Output\ir.json
2026-08-06 13:22:57,150 DEBUG    compileone.store: artifact saved: C:\Users\User\OneDrive - LP Industries\Documents\Limon\Projects\CompileOne\Output\ir.json
2026-08-06 13:22:57,151 DEBUG    compileone.backend: backend: C:\Users\User\OneDrive - LP Industries\Documents\Limon\Projects\CompileOne\Build\compileone.exe opt --input C:\Users\User\OneDrive - LP Industries\Documents\Limon\Projects\CompileOne\Output\ir.json --output C:\Users\User\OneDrive - LP Industries\Documents\Limon\Projects\CompileOne\Output\optimization.json --language mini-c
2026-08-06 13:22:57,181 INFO     compileone.backend: backend[opt]: opt: 6 -> 4 instruction(s), 3 optimization(s), 13.00 ms -> C:\Users\User\OneDrive - LP Industries\Documents\Limon\Projects\CompileOne\Output\optimization.json
2026-08-06 13:22:57,190 DEBUG    compileone.store: artifact saved: C:\Users\User\OneDrive - LP Industries\Documents\Limon\Projects\CompileOne\Output\optimization.json
2026-08-06 13:22:57,191 DEBUG    compileone.backend: backend: C:\Users\User\OneDrive - LP Industries\Documents\Limon\Projects\CompileOne\Build\compileone.exe codegen --input C:\Users\User\OneDrive - LP Industries\Documents\Limon\Projects\CompileOne\Output\optimization.json --output C:\Users\User\OneDrive - LP Industries\Documents\Limon\Projects\CompileOne\Output\assembly.json --language mini-c
2026-08-06 13:22:57,225 INFO     compileone.backend: backend[codegen]: codegen: 9 line(s), 0 string(s), 9.00 ms -> C:\Users\User\OneDrive - LP Industries\Documents\Limon\Projects\CompileOne\Output\assembly.json
2026-08-06 13:22:57,257 DEBUG    compileone.store: artifact saved: C:\Users\User\OneDrive - LP Industries\Documents\Limon\Projects\CompileOne\Output\assembly.json
2026-08-06 13:22:57,258 DEBUG    compileone.backend: backend: C:\Users\User\OneDrive - LP Industries\Documents\Limon\Projects\CompileOne\Build\compileone.exe run --input C:\Users\User\OneDrive - LP Industries\Documents\Limon\Projects\CompileOne\Temp\compileone_source.mc --output C:\Users\User\OneDrive - LP Industries\Documents\Limon\Projects\CompileOne\Output\execution.json --language mini-c
2026-08-06 13:22:57,274 INFO     compileone.backend: backend[run]: run: status=runtime-error exit=1 steps=1, 0.00 ms -> C:\Users\User\OneDrive - LP Industries\Documents\Limon\Projects\CompileOne\Output\execution.json
2026-08-06 13:22:57,295 DEBUG    compileone.store: artifact saved: C:\Users\User\OneDrive - LP Industries\Documents\Limon\Projects\CompileOne\Output\execution.json
2026-08-06 13:22:57,296 INFO     compileone.orchestrator: compile_all: 8 phases run, 1 diagnostic(s)
2026-08-06 13:22:57,296 DEBUG    compileone.backend: backend: C:\Users\User\OneDrive - LP Industries\Documents\Limon\Projects\CompileOne\Build\compileone.exe run --input C:\Users\User\OneDrive - LP Industries\Documents\Limon\Projects\CompileOne\Temp\compileone_source.mc --output C:\Users\User\OneDrive - LP Industries\Documents\Limon\Projects\CompileOne\Output\execution.json --language mini-c
2026-08-06 13:22:57,306 INFO     compileone.backend: backend[run]: run: status=runtime-error exit=1 steps=1, 1.00 ms -> C:\Users\User\OneDrive - LP Industries\Documents\Limon\Projects\CompileOne\Output\execution.json
2026-08-06 13:22:57,325 INFO     compileone.orchestrator: execute: status=runtime-error exit=1 steps=1
2026-08-06 13:23:06,399 DEBUG    compileone.backend: backend: C:\Users\User\OneDrive - LP Industries\Documents\Limon\Projects\CompileOne\Build\compileone.exe lex --input C:\Users\User\OneDrive - LP Industries\Documents\Limon\Projects\CompileOne\Temp\compileone_source.mc --output C:\Users\User\OneDrive - LP Industries\Documents\Limon\Projects\CompileOne\Output\token_stream.json --language mini-c
2026-08-06 13:23:06,425 INFO     compileone.backend: backend[lex]: lex: 9 tokens, 0 errors, 3.00 ms -> C:\Users\User\OneDrive - LP Industries\Documents\Limon\Projects\CompileOne\Output\token_stream.json
2026-08-06 13:23:06,445 DEBUG    compileone.store: artifact saved: C:\Users\User\OneDrive - LP Industries\Documents\Limon\Projects\CompileOne\Output\token_stream.json
2026-08-06 13:23:06,445 DEBUG    compileone.backend: backend: C:\Users\User\OneDrive - LP Industries\Documents\Limon\Projects\CompileOne\Build\compileone.exe parse --input C:\Users\User\OneDrive - LP Industries\Documents\Limon\Projects\CompileOne\Output\token_stream.json --output C:\Users\User\OneDrive - LP Industries\Documents\Limon\Projects\CompileOne\Output\parse_tree.json --language mini-c
2026-08-06 13:23:06,473 INFO     compileone.backend: backend[parse]: parse: 29 node(s), 0 error(s), 0.00 ms -> C:\Users\User\OneDrive - LP Industries\Documents\Limon\Projects\CompileOne\Output\parse_tree.json
2026-08-06 13:23:06,490 DEBUG    compileone.store: artifact saved: C:\Users\User\OneDrive - LP Industries\Documents\Limon\Projects\CompileOne\Output\parse_tree.json
2026-08-06 13:23:06,491 DEBUG    compileone.backend: backend: C:\Users\User\OneDrive - LP Industries\Documents\Limon\Projects\CompileOne\Build\compileone.exe ast --input C:\Users\User\OneDrive - LP Industries\Documents\Limon\Projects\CompileOne\Output\parse_tree.json --output C:\Users\User\OneDrive - LP Industries\Documents\Limon\Projects\CompileOne\Output\ast.json --language mini-c
2026-08-06 13:23:06,523 INFO     compileone.backend: backend[ast]: ast: 8 node(s), 18.00 ms -> C:\Users\User\OneDrive - LP Industries\Documents\Limon\Projects\CompileOne\Output\ast.json
2026-08-06 13:23:06,544 DEBUG    compileone.store: artifact saved: C:\Users\User\OneDrive - LP Industries\Documents\Limon\Projects\CompileOne\Output\ast.json
2026-08-06 13:23:06,545 DEBUG    compileone.backend: backend: C:\Users\User\OneDrive - LP Industries\Documents\Limon\Projects\CompileOne\Build\compileone.exe semantic --input C:\Users\User\OneDrive - LP Industries\Documents\Limon\Projects\CompileOne\Output\ast.json --output C:\Users\User\OneDrive - LP Industries\Documents\Limon\Projects\CompileOne\Output\semantic.json --language mini-c
2026-08-06 13:23:06,576 INFO     compileone.backend: backend[semantic]: semantic: valid, 0 symbol(s), 0 diagnostic(s), 17.00 ms -> C:\Users\User\OneDrive - LP Industries\Documents\Limon\Projects\CompileOne\Output\semantic.json
2026-08-06 13:23:06,588 DEBUG    compileone.store: artifact saved: C:\Users\User\OneDrive - LP Industries\Documents\Limon\Projects\CompileOne\Output\semantic.json
2026-08-06 13:23:06,589 DEBUG    compileone.backend: backend: C:\Users\User\OneDrive - LP Industries\Documents\Limon\Projects\CompileOne\Build\compileone.exe ir --input C:\Users\User\OneDrive - LP Industries\Documents\Limon\Projects\CompileOne\Output\ast.json --output C:\Users\User\OneDrive - LP Industries\Documents\Limon\Projects\CompileOne\Output\ir.json --language mini-c
2026-08-06 13:23:06,607 INFO     compileone.backend: backend[ir]: ir: 6 instruction(s), 5 temp(s), 0 label(s), 1.00 ms -> C:\Users\User\OneDrive - LP Industries\Documents\Limon\Projects\CompileOne\Output\ir.json
2026-08-06 13:23:06,625 DEBUG    compileone.store: artifact saved: C:\Users\User\OneDrive - LP Industries\Documents\Limon\Projects\CompileOne\Output\ir.json
2026-08-06 13:23:06,626 DEBUG    compileone.backend: backend: C:\Users\User\OneDrive - LP Industries\Documents\Limon\Projects\CompileOne\Build\compileone.exe opt --input C:\Users\User\OneDrive - LP Industries\Documents\Limon\Projects\CompileOne\Output\ir.json --output C:\Users\User\OneDrive - LP Industries\Documents\Limon\Projects\CompileOne\Output\optimization.json --language mini-c
2026-08-06 13:23:06,655 INFO     compileone.backend: backend[opt]: opt: 6 -> 4 instruction(s), 3 optimization(s), 16.00 ms -> C:\Users\User\OneDrive - LP Industries\Documents\Limon\Projects\CompileOne\Output\optimization.json
2026-08-06 13:23:06,670 DEBUG    compileone.store: artifact saved: C:\Users\User\OneDrive - LP Industries\Documents\Limon\Projects\CompileOne\Output\optimization.json
2026-08-06 13:23:06,671 DEBUG    compileone.backend: backend: C:\Users\User\OneDrive - LP Industries\Documents\Limon\Projects\CompileOne\Build\compileone.exe codegen --input C:\Users\User\OneDrive - LP Industries\Documents\Limon\Projects\CompileOne\Output\optimization.json --output C:\Users\User\OneDrive - LP Industries\Documents\Limon\Projects\CompileOne\Output\assembly.json --language mini-c
2026-08-06 13:23:06,706 INFO     compileone.backend: backend[codegen]: codegen: 9 line(s), 0 string(s), 26.00 ms -> C:\Users\User\OneDrive - LP Industries\Documents\Limon\Projects\CompileOne\Output\assembly.json
2026-08-06 13:23:06,742 DEBUG    compileone.store: artifact saved: C:\Users\User\OneDrive - LP Industries\Documents\Limon\Projects\CompileOne\Output\assembly.json
2026-08-06 13:23:06,743 DEBUG    compileone.backend: backend: C:\Users\User\OneDrive - LP Industries\Documents\Limon\Projects\CompileOne\Build\compileone.exe run --input C:\Users\User\OneDrive - LP Industries\Documents\Limon\Projects\CompileOne\Temp\compileone_source.mc --output C:\Users\User\OneDrive - LP Industries\Documents\Limon\Projects\CompileOne\Output\execution.json --language mini-c
2026-08-06 13:23:06,757 INFO     compileone.backend: backend[run]: run: status=ok exit=0 steps=1, 0.00 ms -> C:\Users\User\OneDrive - LP Industries\Documents\Limon\Projects\CompileOne\Output\execution.json
2026-08-06 13:23:06,773 DEBUG    compileone.store: artifact saved: C:\Users\User\OneDrive - LP Industries\Documents\Limon\Projects\CompileOne\Output\execution.json
2026-08-06 13:23:06,773 INFO     compileone.orchestrator: compile_all: 8 phases run, 0 diagnostic(s)
2026-08-06 13:23:06,774 DEBUG    compileone.backend: backend: C:\Users\User\OneDrive - LP Industries\Documents\Limon\Projects\CompileOne\Build\compileone.exe run --input C:\Users\User\OneDrive - LP Industries\Documents\Limon\Projects\CompileOne\Temp\compileone_source.mc --output C:\Users\User\OneDrive - LP Industries\Documents\Limon\Projects\CompileOne\Output\execution.json --language mini-c
2026-08-06 13:23:06,784 INFO     compileone.backend: backend[run]: run: status=ok exit=0 steps=1, 0.00 ms -> C:\Users\User\OneDrive - LP Industries\Documents\Limon\Projects\CompileOne\Output\execution.json
2026-08-06 13:23:06,785 INFO     compileone.orchestrator: execute: status=ok exit=0 steps=1
2026-08-06 13:42:05,597 DEBUG    compileone.theme: applied stylesheet C:\Users\User\OneDrive - LP Industries\Documents\Limon\Projects\CompileOne\app\ui\theme\vs_dark.qss
2026-08-06 14:01:37,944 DEBUG    compileone.theme: applied stylesheet C:\Users\User\OneDrive - LP Industries\Documents\Limon\Projects\CompileOne\app\ui\theme\vs_dark.qss
2026-08-06 14:01:48,114 DEBUG    compileone.backend: backend: C:\Users\User\OneDrive - LP Industries\Documents\Limon\Projects\CompileOne\Build\compileone.exe lex --input C:\Users\User\OneDrive - LP Industries\Documents\Limon\Projects\CompileOne\Temp\compileone_source.mc --output C:\Users\User\OneDrive - LP Industries\Documents\Limon\Projects\CompileOne\Output\token_stream.json --language mini-c
2026-08-06 14:01:48,146 INFO     compileone.backend: backend[lex]: lex: 16 tokens, 0 errors, 15.00 ms -> C:\Users\User\OneDrive - LP Industries\Documents\Limon\Projects\CompileOne\Output\token_stream.json
2026-08-06 14:01:48,162 DEBUG    compileone.store: artifact saved: C:\Users\User\OneDrive - LP Industries\Documents\Limon\Projects\CompileOne\Output\token_stream.json
2026-08-06 14:01:48,163 DEBUG    compileone.backend: backend: C:\Users\User\OneDrive - LP Industries\Documents\Limon\Projects\CompileOne\Build\compileone.exe parse --input C:\Users\User\OneDrive - LP Industries\Documents\Limon\Projects\CompileOne\Output\token_stream.json --output C:\Users\User\OneDrive - LP Industries\Documents\Limon\Projects\CompileOne\Output\parse_tree.json --language mini-c
2026-08-06 14:01:48,197 INFO     compileone.backend: backend[parse]: parse: 47 node(s), 0 error(s), 1.00 ms -> C:\Users\User\OneDrive - LP Industries\Documents\Limon\Projects\CompileOne\Output\parse_tree.json
2026-08-06 14:01:48,215 DEBUG    compileone.store: artifact saved: C:\Users\User\OneDrive - LP Industries\Documents\Limon\Projects\CompileOne\Output\parse_tree.json
2026-08-06 14:01:48,216 DEBUG    compileone.backend: backend: C:\Users\User\OneDrive - LP Industries\Documents\Limon\Projects\CompileOne\Build\compileone.exe ast --input C:\Users\User\OneDrive - LP Industries\Documents\Limon\Projects\CompileOne\Output\parse_tree.json --output C:\Users\User\OneDrive - LP Industries\Documents\Limon\Projects\CompileOne\Output\ast.json --language mini-c
2026-08-06 14:01:48,252 INFO     compileone.backend: backend[ast]: ast: 14 node(s), 23.00 ms -> C:\Users\User\OneDrive - LP Industries\Documents\Limon\Projects\CompileOne\Output\ast.json
2026-08-06 14:01:48,268 DEBUG    compileone.store: artifact saved: C:\Users\User\OneDrive - LP Industries\Documents\Limon\Projects\CompileOne\Output\ast.json
2026-08-06 14:01:48,269 DEBUG    compileone.backend: backend: C:\Users\User\OneDrive - LP Industries\Documents\Limon\Projects\CompileOne\Build\compileone.exe semantic --input C:\Users\User\OneDrive - LP Industries\Documents\Limon\Projects\CompileOne\Output\ast.json --output C:\Users\User\OneDrive - LP Industries\Documents\Limon\Projects\CompileOne\Output\semantic.json --language mini-c
2026-08-06 14:01:48,299 INFO     compileone.backend: backend[semantic]: semantic: valid, 0 symbol(s), 0 diagnostic(s), 13.00 ms -> C:\Users\User\OneDrive - LP Industries\Documents\Limon\Projects\CompileOne\Output\semantic.json
2026-08-06 14:01:48,315 DEBUG    compileone.store: artifact saved: C:\Users\User\OneDrive - LP Industries\Documents\Limon\Projects\CompileOne\Output\semantic.json
2026-08-06 14:01:48,316 DEBUG    compileone.backend: backend: C:\Users\User\OneDrive - LP Industries\Documents\Limon\Projects\CompileOne\Build\compileone.exe ir --input C:\Users\User\OneDrive - LP Industries\Documents\Limon\Projects\CompileOne\Output\ast.json --output C:\Users\User\OneDrive - LP Industries\Documents\Limon\Projects\CompileOne\Output\ir.json --language mini-c
2026-08-06 14:01:48,332 INFO     compileone.backend: backend[ir]: ir: 12 instruction(s), 10 temp(s), 0 label(s), 0.00 ms -> C:\Users\User\OneDrive - LP Industries\Documents\Limon\Projects\CompileOne\Output\ir.json
2026-08-06 14:01:48,354 DEBUG    compileone.store: artifact saved: C:\Users\User\OneDrive - LP Industries\Documents\Limon\Projects\CompileOne\Output\ir.json
2026-08-06 14:01:48,354 DEBUG    compileone.backend: backend: C:\Users\User\OneDrive - LP Industries\Documents\Limon\Projects\CompileOne\Build\compileone.exe opt --input C:\Users\User\OneDrive - LP Industries\Documents\Limon\Projects\CompileOne\Output\ir.json --output C:\Users\User\OneDrive - LP Industries\Documents\Limon\Projects\CompileOne\Output\optimization.json --language mini-c
2026-08-06 14:01:48,382 INFO     compileone.backend: backend[opt]: opt: 12 -> 8 instruction(s), 6 optimization(s), 15.00 ms -> C:\Users\User\OneDrive - LP Industries\Documents\Limon\Projects\CompileOne\Output\optimization.json
2026-08-06 14:01:48,403 DEBUG    compileone.store: artifact saved: C:\Users\User\OneDrive - LP Industries\Documents\Limon\Projects\CompileOne\Output\optimization.json
2026-08-06 14:01:48,404 DEBUG    compileone.backend: backend: C:\Users\User\OneDrive - LP Industries\Documents\Limon\Projects\CompileOne\Build\compileone.exe codegen --input C:\Users\User\OneDrive - LP Industries\Documents\Limon\Projects\CompileOne\Output\optimization.json --output C:\Users\User\OneDrive - LP Industries\Documents\Limon\Projects\CompileOne\Output\assembly.json --language mini-c
2026-08-06 14:01:48,446 INFO     compileone.backend: backend[codegen]: codegen: 14 line(s), 0 string(s), 31.00 ms -> C:\Users\User\OneDrive - LP Industries\Documents\Limon\Projects\CompileOne\Output\assembly.json
2026-08-06 14:01:48,480 DEBUG    compileone.store: artifact saved: C:\Users\User\OneDrive - LP Industries\Documents\Limon\Projects\CompileOne\Output\assembly.json
2026-08-06 14:01:48,481 DEBUG    compileone.backend: backend: C:\Users\User\OneDrive - LP Industries\Documents\Limon\Projects\CompileOne\Build\compileone.exe run --input C:\Users\User\OneDrive - LP Industries\Documents\Limon\Projects\CompileOne\Temp\compileone_source.mc --output C:\Users\User\OneDrive - LP Industries\Documents\Limon\Projects\CompileOne\Output\execution.json --language mini-c
2026-08-06 14:01:48,497 INFO     compileone.backend: backend[run]: run: status=ok exit=0 steps=2, 0.00 ms -> C:\Users\User\OneDrive - LP Industries\Documents\Limon\Projects\CompileOne\Output\execution.json
2026-08-06 14:01:48,498 DEBUG    compileone.store: artifact saved: C:\Users\User\OneDrive - LP Industries\Documents\Limon\Projects\CompileOne\Output\execution.json
2026-08-06 14:01:48,499 INFO     compileone.orchestrator: compile_all: 8 phases run, 0 diagnostic(s)
2026-08-06 14:01:48,499 DEBUG    compileone.backend: backend: C:\Users\User\OneDrive - LP Industries\Documents\Limon\Projects\CompileOne\Build\compileone.exe run --input C:\Users\User\OneDrive - LP Industries\Documents\Limon\Projects\CompileOne\Temp\compileone_source.mc --output C:\Users\User\OneDrive - LP Industries\Documents\Limon\Projects\CompileOne\Output\execution.json --language mini-c
2026-08-06 14:01:48,510 INFO     compileone.backend: backend[run]: run: status=ok exit=0 steps=2, 0.00 ms -> C:\Users\User\OneDrive - LP Industries\Documents\Limon\Projects\CompileOne\Output\execution.json
2026-08-06 14:01:48,511 INFO     compileone.orchestrator: execute: status=ok exit=0 steps=2
2026-08-06 18:16:29,321 DEBUG    compileone.theme: applied stylesheet C:\Users\User\OneDrive - LP Industries\Documents\Limon\Projects\CompileOne\app\ui\theme\vs_dark.qss
2026-08-06 18:22:02,244 DEBUG    compileone.theme: applied stylesheet C:\Users\User\OneDrive - LP Industries\Documents\Limon\Projects\CompileOne\app\ui\theme\vs_dark.qss
2026-08-07 21:28:06,627 DEBUG    compileone.theme: applied stylesheet C:\Users\User\OneDrive - LP Industries\Documents\Limon\Projects\CompileOne\app\ui\theme\vs_dark.qss
2026-08-07 21:28:14,910 DEBUG    compileone.backend: backend: C:\Users\User\OneDrive - LP Industries\Documents\Limon\Projects\CompileOne\Build\compileone.exe run --input C:\Users\User\OneDrive - LP Industries\Documents\Limon\Projects\CompileOne\Temp\compileone_source.mc --output C:\Users\User\OneDrive - LP Industries\Documents\Limon\Projects\CompileOne\Output\execution.json --language mini-c
2026-08-07 21:28:15,021 INFO     compileone.backend: backend[run]: run: status=ok exit=0 steps=2, 19.00 ms -> C:\Users\User\OneDrive - LP Industries\Documents\Limon\Projects\CompileOne\Output\execution.json
2026-08-07 21:28:15,037 INFO     compileone.orchestrator: execute: status=ok exit=0 steps=2
2026-08-07 21:28:16,456 DEBUG    compileone.backend: backend: C:\Users\User\OneDrive - LP Industries\Documents\Limon\Projects\CompileOne\Build\compileone.exe run --input C:\Users\User\OneDrive - LP Industries\Documents\Limon\Projects\CompileOne\Temp\compileone_source.mc --output C:\Users\User\OneDrive - LP Industries\Documents\Limon\Projects\CompileOne\Output\execution.json --language mini-c
2026-08-07 21:28:16,473 INFO     compileone.backend: backend[run]: run: status=ok exit=0 steps=2, 2.00 ms -> C:\Users\User\OneDrive - LP Industries\Documents\Limon\Projects\CompileOne\Output\execution.json
2026-08-07 21:28:16,495 INFO     compileone.orchestrator: execute: status=ok exit=0 steps=2
2026-08-07 21:28:16,950 DEBUG    compileone.backend: backend: C:\Users\User\OneDrive - LP Industries\Documents\Limon\Projects\CompileOne\Build\compileone.exe run --input C:\Users\User\OneDrive - LP Industries\Documents\Limon\Projects\CompileOne\Temp\compileone_source.mc --output C:\Users\User\OneDrive - LP Industries\Documents\Limon\Projects\CompileOne\Output\execution.json --language mini-c
2026-08-07 21:28:16,974 INFO     compileone.backend: backend[run]: run: status=ok exit=0 steps=2, 2.00 ms -> C:\Users\User\OneDrive - LP Industries\Documents\Limon\Projects\CompileOne\Output\execution.json
2026-08-07 21:28:16,976 INFO     compileone.orchestrator: execute: status=ok exit=0 steps=2
2026-08-07 21:28:17,547 DEBUG    compileone.backend: backend: C:\Users\User\OneDrive - LP Industries\Documents\Limon\Projects\CompileOne\Build\compileone.exe run --input C:\Users\User\OneDrive - LP Industries\Documents\Limon\Projects\CompileOne\Temp\compileone_source.mc --output C:\Users\User\OneDrive - LP Industries\Documents\Limon\Projects\CompileOne\Output\execution.json --language mini-c
2026-08-07 21:28:17,565 INFO     compileone.backend: backend[run]: run: status=ok exit=0 steps=2, 0.00 ms -> C:\Users\User\OneDrive - LP Industries\Documents\Limon\Projects\CompileOne\Output\execution.json
2026-08-07 21:28:17,581 INFO     compileone.orchestrator: execute: status=ok exit=0 steps=2
2026-08-07 21:28:17,746 DEBUG    compileone.backend: backend: C:\Users\User\OneDrive - LP Industries\Documents\Limon\Projects\CompileOne\Build\compileone.exe run --input C:\Users\User\OneDrive - LP Industries\Documents\Limon\Projects\CompileOne\Temp\compileone_source.mc --output C:\Users\User\OneDrive - LP Industries\Documents\Limon\Projects\CompileOne\Output\execution.json --language mini-c
2026-08-07 21:28:17,772 INFO     compileone.backend: backend[run]: run: status=ok exit=0 steps=2, 2.00 ms -> C:\Users\User\OneDrive - LP Industries\Documents\Limon\Projects\CompileOne\Output\execution.json
2026-08-07 21:28:17,774 INFO     compileone.orchestrator: execute: status=ok exit=0 steps=2
2026-08-07 21:28:18,303 DEBUG    compileone.backend: backend: C:\Users\User\OneDrive - LP Industries\Documents\Limon\Projects\CompileOne\Build\compileone.exe run --input C:\Users\User\OneDrive - LP Industries\Documents\Limon\Projects\CompileOne\Temp\compileone_source.mc --output C:\Users\User\OneDrive - LP Industries\Documents\Limon\Projects\CompileOne\Output\execution.json --language mini-c
2026-08-07 21:28:18,321 INFO     compileone.backend: backend[run]: run: status=ok exit=0 steps=2, 2.00 ms -> C:\Users\User\OneDrive - LP Industries\Documents\Limon\Projects\CompileOne\Output\execution.json
2026-08-07 21:28:18,322 INFO     compileone.orchestrator: execute: status=ok exit=0 steps=2
2026-08-07 21:28:18,784 DEBUG    compileone.backend: backend: C:\Users\User\OneDrive - LP Industries\Documents\Limon\Projects\CompileOne\Build\compileone.exe run --input C:\Users\User\OneDrive - LP Industries\Documents\Limon\Projects\CompileOne\Temp\compileone_source.mc --output C:\Users\User\OneDrive - LP Industries\Documents\Limon\Projects\CompileOne\Output\execution.json --language mini-c
2026-08-07 21:28:18,799 INFO     compileone.backend: backend[run]: run: status=ok exit=0 steps=2, 2.00 ms -> C:\Users\User\OneDrive - LP Industries\Documents\Limon\Projects\CompileOne\Output\execution.json
2026-08-07 21:28:18,801 INFO     compileone.orchestrator: execute: status=ok exit=0 steps=2
2026-08-07 21:28:19,000 DEBUG    compileone.backend: backend: C:\Users\User\OneDrive - LP Industries\Documents\Limon\Projects\CompileOne\Build\compileone.exe run --input C:\Users\User\OneDrive - LP Industries\Documents\Limon\Projects\CompileOne\Temp\compileone_source.mc --output C:\Users\User\OneDrive - LP Industries\Documents\Limon\Projects\CompileOne\Output\execution.json --language mini-c
2026-08-07 21:28:19,023 INFO     compileone.backend: backend[run]: run: status=ok exit=0 steps=2, 2.00 ms -> C:\Users\User\OneDrive - LP Industries\Documents\Limon\Projects\CompileOne\Output\execution.json
2026-08-07 21:28:19,025 INFO     compileone.orchestrator: execute: status=ok exit=0 steps=2
2026-08-07 21:28:19,202 DEBUG    compileone.backend: backend: C:\Users\User\OneDrive - LP Industries\Documents\Limon\Projects\CompileOne\Build\compileone.exe run --input C:\Users\User\OneDrive - LP Industries\Documents\Limon\Projects\CompileOne\Temp\compileone_source.mc --output C:\Users\User\OneDrive - LP Industries\Documents\Limon\Projects\CompileOne\Output\execution.json --language mini-c
2026-08-07 21:28:19,224 INFO     compileone.backend: backend[run]: run: status=ok exit=0 steps=2, 2.00 ms -> C:\Users\User\OneDrive - LP Industries\Documents\Limon\Projects\CompileOne\Output\execution.json
2026-08-07 21:28:19,228 INFO     compileone.orchestrator: execute: status=ok exit=0 steps=2
2026-08-07 21:28:19,380 DEBUG    compileone.backend: backend: C:\Users\User\OneDrive - LP Industries\Documents\Limon\Projects\CompileOne\Build\compileone.exe run --input C:\Users\User\OneDrive - LP Industries\Documents\Limon\Projects\CompileOne\Temp\compileone_source.mc --output C:\Users\User\OneDrive - LP Industries\Documents\Limon\Projects\CompileOne\Output\execution.json --language mini-c
2026-08-07 21:28:19,397 INFO     compileone.backend: backend[run]: run: status=ok exit=0 steps=2, 1.00 ms -> C:\Users\User\OneDrive - LP Industries\Documents\Limon\Projects\CompileOne\Output\execution.json
2026-08-07 21:28:19,416 INFO     compileone.orchestrator: execute: status=ok exit=0 steps=2
2026-08-07 21:28:19,874 DEBUG    compileone.backend: backend: C:\Users\User\OneDrive - LP Industries\Documents\Limon\Projects\CompileOne\Build\compileone.exe run --input C:\Users\User\OneDrive - LP Industries\Documents\Limon\Projects\CompileOne\Temp\compileone_source.mc --output C:\Users\User\OneDrive - LP Industries\Documents\Limon\Projects\CompileOne\Output\execution.json --language mini-c
2026-08-07 21:28:19,892 INFO     compileone.backend: backend[run]: run: status=ok exit=0 steps=2, 0.00 ms -> C:\Users\User\OneDrive - LP Industries\Documents\Limon\Projects\CompileOne\Output\execution.json
2026-08-07 21:28:19,893 INFO     compileone.orchestrator: execute: status=ok exit=0 steps=2
2026-08-07 21:28:20,093 DEBUG    compileone.backend: backend: C:\Users\User\OneDrive - LP Industries\Documents\Limon\Projects\CompileOne\Build\compileone.exe run --input C:\Users\User\OneDrive - LP Industries\Documents\Limon\Projects\CompileOne\Temp\compileone_source.mc --output C:\Users\User\OneDrive - LP Industries\Documents\Limon\Projects\CompileOne\Output\execution.json --language mini-c
2026-08-07 21:28:20,123 INFO     compileone.backend: backend[run]: run: status=ok exit=0 steps=2, 2.00 ms -> C:\Users\User\OneDrive - LP Industries\Documents\Limon\Projects\CompileOne\Output\execution.json
2026-08-07 21:28:20,124 INFO     compileone.orchestrator: execute: status=ok exit=0 steps=2
2026-08-07 21:28:20,274 DEBUG    compileone.backend: backend: C:\Users\User\OneDrive - LP Industries\Documents\Limon\Projects\CompileOne\Build\compileone.exe run --input C:\Users\User\OneDrive - LP Industries\Documents\Limon\Projects\CompileOne\Temp\compileone_source.mc --output C:\Users\User\OneDrive - LP Industries\Documents\Limon\Projects\CompileOne\Output\execution.json --language mini-c
2026-08-07 21:28:20,294 INFO     compileone.backend: backend[run]: run: status=ok exit=0 steps=2, 0.00 ms -> C:\Users\User\OneDrive - LP Industries\Documents\Limon\Projects\CompileOne\Output\execution.json
2026-08-07 21:28:20,296 INFO     compileone.orchestrator: execute: status=ok exit=0 steps=2
2026-08-07 21:28:37,299 DEBUG    compileone.backend: backend: C:\Users\User\OneDrive - LP Industries\Documents\Limon\Projects\CompileOne\Build\compileone.exe lex --input C:\Users\User\OneDrive - LP Industries\Documents\Limon\Projects\CompileOne\Temp\compileone_source.mc --output C:\Users\User\OneDrive - LP Industries\Documents\Limon\Projects\CompileOne\Output\token_stream.json --language mini-c
2026-08-07 21:28:37,320 INFO     compileone.backend: backend[lex]: lex: 0 tokens, 0 errors, 0.00 ms -> C:\Users\User\OneDrive - LP Industries\Documents\Limon\Projects\CompileOne\Output\token_stream.json
2026-08-07 21:28:37,340 DEBUG    compileone.store: artifact saved: C:\Users\User\OneDrive - LP Industries\Documents\Limon\Projects\CompileOne\Output\token_stream.json
2026-08-07 21:28:37,340 DEBUG    compileone.backend: backend: C:\Users\User\OneDrive - LP Industries\Documents\Limon\Projects\CompileOne\Build\compileone.exe run --input C:\Users\User\OneDrive - LP Industries\Documents\Limon\Projects\CompileOne\Temp\compileone_source.mc --output C:\Users\User\OneDrive - LP Industries\Documents\Limon\Projects\CompileOne\Output\execution.json --language mini-c
2026-08-07 21:28:37,357 INFO     compileone.backend: backend[run]: run: status=ok exit=0 steps=0, 0.00 ms -> C:\Users\User\OneDrive - LP Industries\Documents\Limon\Projects\CompileOne\Output\execution.json
2026-08-07 21:28:37,379 DEBUG    compileone.store: artifact saved: C:\Users\User\OneDrive - LP Industries\Documents\Limon\Projects\CompileOne\Output\execution.json
2026-08-07 21:28:37,380 INFO     compileone.orchestrator: compile_all: 2 phases run, 0 diagnostic(s)
2026-08-07 21:28:38,347 DEBUG    compileone.backend: backend: C:\Users\User\OneDrive - LP Industries\Documents\Limon\Projects\CompileOne\Build\compileone.exe lex --input C:\Users\User\OneDrive - LP Industries\Documents\Limon\Projects\CompileOne\Temp\compileone_source.mc --output C:\Users\User\OneDrive - LP Industries\Documents\Limon\Projects\CompileOne\Output\token_stream.json --language mini-c
2026-08-07 21:28:38,362 INFO     compileone.backend: backend[lex]: lex: 0 tokens, 0 errors, 0.00 ms -> C:\Users\User\OneDrive - LP Industries\Documents\Limon\Projects\CompileOne\Output\token_stream.json
2026-08-07 21:28:38,365 DEBUG    compileone.store: artifact saved: C:\Users\User\OneDrive - LP Industries\Documents\Limon\Projects\CompileOne\Output\token_stream.json
2026-08-07 21:28:38,366 DEBUG    compileone.backend: backend: C:\Users\User\OneDrive - LP Industries\Documents\Limon\Projects\CompileOne\Build\compileone.exe run --input C:\Users\User\OneDrive - LP Industries\Documents\Limon\Projects\CompileOne\Temp\compileone_source.mc --output C:\Users\User\OneDrive - LP Industries\Documents\Limon\Projects\CompileOne\Output\execution.json --language mini-c
2026-08-07 21:28:38,377 INFO     compileone.backend: backend[run]: run: status=ok exit=0 steps=0, 0.00 ms -> C:\Users\User\OneDrive - LP Industries\Documents\Limon\Projects\CompileOne\Output\execution.json
2026-08-07 21:28:38,380 DEBUG    compileone.store: artifact saved: C:\Users\User\OneDrive - LP Industries\Documents\Limon\Projects\CompileOne\Output\execution.json
2026-08-07 21:28:38,380 INFO     compileone.orchestrator: compile_all: 2 phases run, 0 diagnostic(s)
2026-08-07 21:28:39,150 DEBUG    compileone.backend: backend: C:\Users\User\OneDrive - LP Industries\Documents\Limon\Projects\CompileOne\Build\compileone.exe run --input C:\Users\User\OneDrive - LP Industries\Documents\Limon\Projects\CompileOne\Temp\compileone_source.mc --output C:\Users\User\OneDrive - LP Industries\Documents\Limon\Projects\CompileOne\Output\execution.json --language mini-c
2026-08-07 21:28:39,165 INFO     compileone.backend: backend[run]: run: status=ok exit=0 steps=0, 0.00 ms -> C:\Users\User\OneDrive - LP Industries\Documents\Limon\Projects\CompileOne\Output\execution.json
2026-08-07 21:28:39,166 INFO     compileone.orchestrator: execute: status=ok exit=0 steps=0
2026-08-08 08:35:52,818 DEBUG    compileone.theme: applied stylesheet C:\Users\User\OneDrive - LP Industries\Documents\Limon\Projects\CompileOne\app\ui\theme\vs_dark.qss
2026-08-08 08:35:56,950 DEBUG    compileone.backend: backend: C:\Users\User\OneDrive - LP Industries\Documents\Limon\Projects\CompileOne\build\compileone.exe lex --input C:\Users\User\OneDrive - LP Industries\Documents\Limon\Projects\CompileOne\examples\study\interactive.c --output C:\Users\User\OneDrive - LP Industries\Documents\Limon\Projects\CompileOne\Temp\token_stream.json --language mini-c
2026-08-08 08:35:57,155 INFO     compileone.backend: backend[lex]: lex: 92 tokens, 15 errors, 0.00 ms -> C:\Users\User\OneDrive - LP Industries\Documents\Limon\Projects\CompileOne\Temp\token_stream.json
2026-08-08 08:35:57,202 DEBUG    compileone.store: artifact saved: C:\Users\User\OneDrive - LP Industries\Documents\Limon\Projects\CompileOne\Temp\token_stream.json
2026-08-08 08:35:57,203 DEBUG    compileone.backend: backend: C:\Users\User\OneDrive - LP Industries\Documents\Limon\Projects\CompileOne\build\compileone.exe run --input C:\Users\User\OneDrive - LP Industries\Documents\Limon\Projects\CompileOne\examples\study\interactive.c --output C:\Users\User\OneDrive - LP Industries\Documents\Limon\Projects\CompileOne\Temp\execution.json --language mini-c
2026-08-08 08:35:57,238 INFO     compileone.backend: backend[run]: run: status=lex-error exit=1 steps=0, 0.00 ms -> C:\Users\User\OneDrive - LP Industries\Documents\Limon\Projects\CompileOne\Temp\execution.json
2026-08-08 08:35:57,266 DEBUG    compileone.store: artifact saved: C:\Users\User\OneDrive - LP Industries\Documents\Limon\Projects\CompileOne\Temp\execution.json
2026-08-08 08:35:57,268 INFO     compileone.orchestrator: compile_all: 2 phases run, 30 diagnostic(s)
2026-08-08 08:35:57,274 INFO     compileone.token_view: token view: 92 token(s), 15 error(s)
2026-08-08 08:45:26,591 DEBUG    compileone.theme: applied stylesheet C:\Users\User\OneDrive - LP Industries\Documents\Limon\Projects\CompileOne\app\ui\theme\vs_dark.qss
2026-08-08 08:45:29,104 DEBUG    compileone.backend: backend: C:\Users\User\OneDrive - LP Industries\Documents\Limon\Projects\CompileOne\build\compileone.exe lex --input C:\Users\User\OneDrive - LP Industries\Documents\Limon\Projects\CompileOne\examples\study\hello.mc --output C:\Users\User\OneDrive - LP Industries\Documents\Limon\Projects\CompileOne\Temp\token_stream.json --language mini-c
2026-08-08 08:45:29,168 INFO     compileone.backend: backend[lex]: lex: 17 tokens, 0 errors, 0.00 ms -> C:\Users\User\OneDrive - LP Industries\Documents\Limon\Projects\CompileOne\Temp\token_stream.json
2026-08-08 08:45:29,214 DEBUG    compileone.store: artifact saved: C:\Users\User\OneDrive - LP Industries\Documents\Limon\Projects\CompileOne\Temp\token_stream.json
2026-08-08 08:45:29,217 DEBUG    compileone.backend: backend: C:\Users\User\OneDrive - LP Industries\Documents\Limon\Projects\CompileOne\build\compileone.exe run --input C:\Users\User\OneDrive - LP Industries\Documents\Limon\Projects\CompileOne\examples\study\hello.mc --output C:\Users\User\OneDrive - LP Industries\Documents\Limon\Projects\CompileOne\Temp\execution.json --language mini-c
2026-08-08 08:45:29,263 INFO     compileone.backend: backend[run]: run: status=ok exit=0 steps=2, 0.00 ms -> C:\Users\User\OneDrive - LP Industries\Documents\Limon\Projects\CompileOne\Temp\execution.json
2026-08-08 08:45:29,301 DEBUG    compileone.store: artifact saved: C:\Users\User\OneDrive - LP Industries\Documents\Limon\Projects\CompileOne\Temp\execution.json
2026-08-08 08:45:29,302 INFO     compileone.orchestrator: compile_all: 2 phases run, 0 diagnostic(s)
2026-08-08 08:45:43,552 DEBUG    compileone.backend: backend: C:\Users\User\OneDrive - LP Industries\Documents\Limon\Projects\CompileOne\build\compileone.exe run --input C:\Users\User\OneDrive - LP Industries\Documents\Limon\Projects\CompileOne\examples\study\hello.mc --output C:\Users\User\OneDrive - LP Industries\Documents\Limon\Projects\CompileOne\Temp\execution.json --language mini-c
2026-08-08 08:45:43,570 INFO     compileone.backend: backend[run]: run: status=ok exit=0 steps=2, 0.00 ms -> C:\Users\User\OneDrive - LP Industries\Documents\Limon\Projects\CompileOne\Temp\execution.json
2026-08-08 08:45:43,572 INFO     compileone.orchestrator: execute: status=ok exit=0 steps=2
2026-08-08 08:45:45,678 DEBUG    compileone.backend: backend: C:\Users\User\OneDrive - LP Industries\Documents\Limon\Projects\CompileOne\build\compileone.exe lex --input C:\Users\User\OneDrive - LP Industries\Documents\Limon\Projects\CompileOne\examples\study\hello.mc --output C:\Users\User\OneDrive - LP Industries\Documents\Limon\Projects\CompileOne\Temp\token_stream.json --language mini-c
2026-08-08 08:45:45,704 INFO     compileone.backend: backend[lex]: lex: 17 tokens, 0 errors, 1.00 ms -> C:\Users\User\OneDrive - LP Industries\Documents\Limon\Projects\CompileOne\Temp\token_stream.json
2026-08-08 08:45:45,753 DEBUG    compileone.store: artifact saved: C:\Users\User\OneDrive - LP Industries\Documents\Limon\Projects\CompileOne\Temp\token_stream.json
2026-08-08 08:45:45,754 DEBUG    compileone.backend: backend: C:\Users\User\OneDrive - LP Industries\Documents\Limon\Projects\CompileOne\build\compileone.exe run --input C:\Users\User\OneDrive - LP Industries\Documents\Limon\Projects\CompileOne\examples\study\hello.mc --output C:\Users\User\OneDrive - LP Industries\Documents\Limon\Projects\CompileOne\Temp\execution.json --language mini-c
2026-08-08 08:45:45,767 INFO     compileone.backend: backend[run]: run: status=ok exit=0 steps=2, 0.00 ms -> C:\Users\User\OneDrive - LP Industries\Documents\Limon\Projects\CompileOne\Temp\execution.json
2026-08-08 08:45:45,771 DEBUG    compileone.store: artifact saved: C:\Users\User\OneDrive - LP Industries\Documents\Limon\Projects\CompileOne\Temp\execution.json
2026-08-08 08:45:45,772 INFO     compileone.orchestrator: compile_all: 2 phases run, 0 diagnostic(s)
2026-08-08 08:45:56,287 DEBUG    compileone.backend: backend: C:\Users\User\OneDrive - LP Industries\Documents\Limon\Projects\CompileOne\build\compileone.exe lex --input C:\Users\User\OneDrive - LP Industries\Documents\Limon\Projects\CompileOne\examples\study\hello.mc --output C:\Users\User\OneDrive - LP Industries\Documents\Limon\Projects\CompileOne\Temp\token_stream.json --language mini-c
2026-08-08 08:45:56,309 INFO     compileone.backend: backend[lex]: lex: 17 tokens, 0 errors, 0.00 ms -> C:\Users\User\OneDrive - LP Industries\Documents\Limon\Projects\CompileOne\Temp\token_stream.json
2026-08-08 08:45:56,312 DEBUG    compileone.store: artifact saved: C:\Users\User\OneDrive - LP Industries\Documents\Limon\Projects\CompileOne\Temp\token_stream.json
2026-08-08 08:45:56,313 DEBUG    compileone.backend: backend: C:\Users\User\OneDrive - LP Industries\Documents\Limon\Projects\CompileOne\build\compileone.exe run --input C:\Users\User\OneDrive - LP Industries\Documents\Limon\Projects\CompileOne\examples\study\hello.mc --output C:\Users\User\OneDrive - LP Industries\Documents\Limon\Projects\CompileOne\Temp\execution.json --language mini-c
2026-08-08 08:45:56,335 INFO     compileone.backend: backend[run]: run: status=ok exit=0 steps=2, 0.00 ms -> C:\Users\User\OneDrive - LP Industries\Documents\Limon\Projects\CompileOne\Temp\execution.json
2026-08-08 08:45:56,339 DEBUG    compileone.store: artifact saved: C:\Users\User\OneDrive - LP Industries\Documents\Limon\Projects\CompileOne\Temp\execution.json
2026-08-08 08:45:56,340 INFO     compileone.orchestrator: compile_all: 2 phases run, 0 diagnostic(s)
2026-08-08 08:50:09,366 DEBUG    compileone.theme: applied stylesheet C:\Users\User\OneDrive - LP Industries\Documents\Limon\Projects\CompileOne\app\ui\theme\vs_dark.qss
2026-08-08 08:50:11,729 DEBUG    compileone.backend: backend: C:\Users\User\OneDrive - LP Industries\Documents\Limon\Projects\CompileOne\build\compileone.exe lex --input C:\Users\User\OneDrive - LP Industries\Documents\Limon\Projects\CompileOne\examples\study\hello.cpp --output C:\Users\User\OneDrive - LP Industries\Documents\Limon\Projects\CompileOne\Temp\token_stream.json --language mini-c
2026-08-08 08:50:11,756 INFO     compileone.backend: backend[lex]: lex: 80 tokens, 17 errors, 0.00 ms -> C:\Users\User\OneDrive - LP Industries\Documents\Limon\Projects\CompileOne\Temp\token_stream.json
2026-08-08 08:50:11,811 DEBUG    compileone.store: artifact saved: C:\Users\User\OneDrive - LP Industries\Documents\Limon\Projects\CompileOne\Temp\token_stream.json
2026-08-08 08:50:11,812 DEBUG    compileone.backend: backend: C:\Users\User\OneDrive - LP Industries\Documents\Limon\Projects\CompileOne\build\compileone.exe run --input C:\Users\User\OneDrive - LP Industries\Documents\Limon\Projects\CompileOne\examples\study\hello.cpp --output C:\Users\User\OneDrive - LP Industries\Documents\Limon\Projects\CompileOne\Temp\execution.json --language mini-c
2026-08-08 08:50:11,843 INFO     compileone.backend: backend[run]: run: status=lex-error exit=1 steps=0, 0.00 ms -> C:\Users\User\OneDrive - LP Industries\Documents\Limon\Projects\CompileOne\Temp\execution.json
2026-08-08 08:50:11,879 DEBUG    compileone.store: artifact saved: C:\Users\User\OneDrive - LP Industries\Documents\Limon\Projects\CompileOne\Temp\execution.json
2026-08-08 08:50:11,881 INFO     compileone.orchestrator: compile_all: 2 phases run, 34 diagnostic(s)
2026-08-08 08:50:11,888 INFO     compileone.token_view: token view: 80 token(s), 17 error(s)
2026-08-08 08:50:45,331 DEBUG    compileone.backend: backend: C:\Users\User\OneDrive - LP Industries\Documents\Limon\Projects\CompileOne\build\compileone.exe lex --input C:\Users\User\OneDrive - LP Industries\Documents\Limon\Projects\CompileOne\examples\study\hello.cpp --output C:\Users\User\OneDrive - LP Industries\Documents\Limon\Projects\CompileOne\Temp\token_stream.json --language mini-c
2026-08-08 08:50:45,355 INFO     compileone.backend: backend[lex]: lex: 80 tokens, 17 errors, 0.00 ms -> C:\Users\User\OneDrive - LP Industries\Documents\Limon\Projects\CompileOne\Temp\token_stream.json
2026-08-08 08:50:45,402 DEBUG    compileone.store: artifact saved: C:\Users\User\OneDrive - LP Industries\Documents\Limon\Projects\CompileOne\Temp\token_stream.json
2026-08-08 08:50:45,403 DEBUG    compileone.backend: backend: C:\Users\User\OneDrive - LP Industries\Documents\Limon\Projects\CompileOne\build\compileone.exe run --input C:\Users\User\OneDrive - LP Industries\Documents\Limon\Projects\CompileOne\examples\study\hello.cpp --output C:\Users\User\OneDrive - LP Industries\Documents\Limon\Projects\CompileOne\Temp\execution.json --language mini-c
2026-08-08 08:50:45,422 INFO     compileone.backend: backend[run]: run: status=lex-error exit=1 steps=0, 0.00 ms -> C:\Users\User\OneDrive - LP Industries\Documents\Limon\Projects\CompileOne\Temp\execution.json
2026-08-08 08:50:45,425 DEBUG    compileone.store: artifact saved: C:\Users\User\OneDrive - LP Industries\Documents\Limon\Projects\CompileOne\Temp\execution.json
2026-08-08 08:50:45,426 INFO     compileone.orchestrator: compile_all: 2 phases run, 34 diagnostic(s)
2026-08-08 08:50:45,431 INFO     compileone.token_view: token view: 80 token(s), 17 error(s)
2026-08-08 08:50:46,701 DEBUG    compileone.backend: backend: C:\Users\User\OneDrive - LP Industries\Documents\Limon\Projects\CompileOne\build\compileone.exe lex --input C:\Users\User\OneDrive - LP Industries\Documents\Limon\Projects\CompileOne\examples\study\hello.cpp --output C:\Users\User\OneDrive - LP Industries\Documents\Limon\Projects\CompileOne\Temp\token_stream.json --language mini-c
2026-08-08 08:50:46,725 INFO     compileone.backend: backend[lex]: lex: 80 tokens, 17 errors, 0.00 ms -> C:\Users\User\OneDrive - LP Industries\Documents\Limon\Projects\CompileOne\Temp\token_stream.json
2026-08-08 08:50:46,776 DEBUG    compileone.store: artifact saved: C:\Users\User\OneDrive - LP Industries\Documents\Limon\Projects\CompileOne\Temp\token_stream.json
2026-08-08 08:50:46,777 DEBUG    compileone.backend: backend: C:\Users\User\OneDrive - LP Industries\Documents\Limon\Projects\CompileOne\build\compileone.exe run --input C:\Users\User\OneDrive - LP Industries\Documents\Limon\Projects\CompileOne\examples\study\hello.cpp --output C:\Users\User\OneDrive - LP Industries\Documents\Limon\Projects\CompileOne\Temp\execution.json --language mini-c
2026-08-08 08:50:46,797 INFO     compileone.backend: backend[run]: run: status=lex-error exit=1 steps=0, 0.00 ms -> C:\Users\User\OneDrive - LP Industries\Documents\Limon\Projects\CompileOne\Temp\execution.json
2026-08-08 08:50:46,799 DEBUG    compileone.store: artifact saved: C:\Users\User\OneDrive - LP Industries\Documents\Limon\Projects\CompileOne\Temp\execution.json
2026-08-08 08:50:46,801 INFO     compileone.orchestrator: compile_all: 2 phases run, 34 diagnostic(s)
2026-08-08 08:50:46,806 INFO     compileone.token_view: token view: 80 token(s), 17 error(s)
2026-08-08 08:50:46,871 DEBUG    compileone.backend: backend: C:\Users\User\OneDrive - LP Industries\Documents\Limon\Projects\CompileOne\build\compileone.exe lex --input C:\Users\User\OneDrive - LP Industries\Documents\Limon\Projects\CompileOne\examples\study\hello.cpp --output C:\Users\User\OneDrive - LP Industries\Documents\Limon\Projects\CompileOne\Temp\token_stream.json --language mini-c
2026-08-08 08:50:46,894 INFO     compileone.backend: backend[lex]: lex: 80 tokens, 17 errors, 0.00 ms -> C:\Users\User\OneDrive - LP Industries\Documents\Limon\Projects\CompileOne\Temp\token_stream.json
2026-08-08 08:50:46,949 DEBUG    compileone.store: artifact saved: C:\Users\User\OneDrive - LP Industries\Documents\Limon\Projects\CompileOne\Temp\token_stream.json
2026-08-08 08:50:46,950 DEBUG    compileone.backend: backend: C:\Users\User\OneDrive - LP Industries\Documents\Limon\Projects\CompileOne\build\compileone.exe run --input C:\Users\User\OneDrive - LP Industries\Documents\Limon\Projects\CompileOne\examples\study\hello.cpp --output C:\Users\User\OneDrive - LP Industries\Documents\Limon\Projects\CompileOne\Temp\execution.json --language mini-c
2026-08-08 08:50:46,973 INFO     compileone.backend: backend[run]: run: status=lex-error exit=1 steps=0, 0.00 ms -> C:\Users\User\OneDrive - LP Industries\Documents\Limon\Projects\CompileOne\Temp\execution.json
2026-08-08 08:50:46,976 DEBUG    compileone.store: artifact saved: C:\Users\User\OneDrive - LP Industries\Documents\Limon\Projects\CompileOne\Temp\execution.json
2026-08-08 08:50:46,977 INFO     compileone.orchestrator: compile_all: 2 phases run, 34 diagnostic(s)
2026-08-08 08:50:46,983 INFO     compileone.token_view: token view: 80 token(s), 17 error(s)
2026-08-08 08:50:47,044 DEBUG    compileone.backend: backend: C:\Users\User\OneDrive - LP Industries\Documents\Limon\Projects\CompileOne\build\compileone.exe lex --input C:\Users\User\OneDrive - LP Industries\Documents\Limon\Projects\CompileOne\examples\study\hello.cpp --output C:\Users\User\OneDrive - LP Industries\Documents\Limon\Projects\CompileOne\Temp\token_stream.json --language mini-c
2026-08-08 08:50:47,068 INFO     compileone.backend: backend[lex]: lex: 80 tokens, 17 errors, 0.00 ms -> C:\Users\User\OneDrive - LP Industries\Documents\Limon\Projects\CompileOne\Temp\token_stream.json
2026-08-08 08:50:47,137 DEBUG    compileone.store: artifact saved: C:\Users\User\OneDrive - LP Industries\Documents\Limon\Projects\CompileOne\Temp\token_stream.json
2026-08-08 08:50:47,138 DEBUG    compileone.backend: backend: C:\Users\User\OneDrive - LP Industries\Documents\Limon\Projects\CompileOne\build\compileone.exe run --input C:\Users\User\OneDrive - LP Industries\Documents\Limon\Projects\CompileOne\examples\study\hello.cpp --output C:\Users\User\OneDrive - LP Industries\Documents\Limon\Projects\CompileOne\Temp\execution.json --language mini-c
2026-08-08 08:50:47,163 INFO     compileone.backend: backend[run]: run: status=lex-error exit=1 steps=0, 0.00 ms -> C:\Users\User\OneDrive - LP Industries\Documents\Limon\Projects\CompileOne\Temp\execution.json
2026-08-08 08:50:47,166 DEBUG    compileone.store: artifact saved: C:\Users\User\OneDrive - LP Industries\Documents\Limon\Projects\CompileOne\Temp\execution.json
2026-08-08 08:50:47,168 INFO     compileone.orchestrator: compile_all: 2 phases run, 34 diagnostic(s)
2026-08-08 08:50:47,172 INFO     compileone.token_view: token view: 80 token(s), 17 error(s)
2026-08-08 08:50:47,266 DEBUG    compileone.backend: backend: C:\Users\User\OneDrive - LP Industries\Documents\Limon\Projects\CompileOne\build\compileone.exe lex --input C:\Users\User\OneDrive - LP Industries\Documents\Limon\Projects\CompileOne\examples\study\hello.cpp --output C:\Users\User\OneDrive - LP Industries\Documents\Limon\Projects\CompileOne\Temp\token_stream.json --language mini-c
2026-08-08 08:50:47,290 INFO     compileone.backend: backend[lex]: lex: 80 tokens, 17 errors, 0.00 ms -> C:\Users\User\OneDrive - LP Industries\Documents\Limon\Projects\CompileOne\Temp\token_stream.json
2026-08-08 08:50:47,339 DEBUG    compileone.store: artifact saved: C:\Users\User\OneDrive - LP Industries\Documents\Limon\Projects\CompileOne\Temp\token_stream.json
2026-08-08 08:50:47,339 DEBUG    compileone.backend: backend: C:\Users\User\OneDrive - LP Industries\Documents\Limon\Projects\CompileOne\build\compileone.exe run --input C:\Users\User\OneDrive - LP Industries\Documents\Limon\Projects\CompileOne\examples\study\hello.cpp --output C:\Users\User\OneDrive - LP Industries\Documents\Limon\Projects\CompileOne\Temp\execution.json --language mini-c
2026-08-08 08:50:47,357 INFO     compileone.backend: backend[run]: run: status=lex-error exit=1 steps=0, 0.00 ms -> C:\Users\User\OneDrive - LP Industries\Documents\Limon\Projects\CompileOne\Temp\execution.json
2026-08-08 08:50:47,359 DEBUG    compileone.store: artifact saved: C:\Users\User\OneDrive - LP Industries\Documents\Limon\Projects\CompileOne\Temp\execution.json
2026-08-08 08:50:47,360 INFO     compileone.orchestrator: compile_all: 2 phases run, 34 diagnostic(s)
2026-08-08 08:50:47,366 INFO     compileone.token_view: token view: 80 token(s), 17 error(s)
2026-08-08 08:50:48,491 DEBUG    compileone.backend: backend: C:\Users\User\OneDrive - LP Industries\Documents\Limon\Projects\CompileOne\build\compileone.exe lex --input C:\Users\User\OneDrive - LP Industries\Documents\Limon\Projects\CompileOne\examples\study\hello.cpp --output C:\Users\User\OneDrive - LP Industries\Documents\Limon\Projects\CompileOne\Temp\token_stream.json --language mini-c
2026-08-08 08:50:48,506 INFO     compileone.backend: backend[lex]: lex: 80 tokens, 17 errors, 0.00 ms -> C:\Users\User\OneDrive - LP Industries\Documents\Limon\Projects\CompileOne\Temp\token_stream.json
2026-08-08 08:50:48,551 DEBUG    compileone.store: artifact saved: C:\Users\User\OneDrive - LP Industries\Documents\Limon\Projects\CompileOne\Temp\token_stream.json
2026-08-08 08:50:48,552 DEBUG    compileone.backend: backend: C:\Users\User\OneDrive - LP Industries\Documents\Limon\Projects\CompileOne\build\compileone.exe run --input C:\Users\User\OneDrive - LP Industries\Documents\Limon\Projects\CompileOne\examples\study\hello.cpp --output C:\Users\User\OneDrive - LP Industries\Documents\Limon\Projects\CompileOne\Temp\execution.json --language mini-c
2026-08-08 08:50:48,573 INFO     compileone.backend: backend[run]: run: status=lex-error exit=1 steps=0, 0.00 ms -> C:\Users\User\OneDrive - LP Industries\Documents\Limon\Projects\CompileOne\Temp\execution.json
2026-08-08 08:50:48,575 DEBUG    compileone.store: artifact saved: C:\Users\User\OneDrive - LP Industries\Documents\Limon\Projects\CompileOne\Temp\execution.json
2026-08-08 08:50:48,576 INFO     compileone.orchestrator: compile_all: 2 phases run, 34 diagnostic(s)
2026-08-08 08:50:48,580 INFO     compileone.token_view: token view: 80 token(s), 17 error(s)
2026-08-08 08:51:23,853 DEBUG    compileone.backend: backend: C:\Users\User\OneDrive - LP Industries\Documents\Limon\Projects\CompileOne\build\compileone.exe lex --input C:\Users\User\OneDrive - LP Industries\Documents\Limon\Projects\CompileOne\examples\study\hello.cpp --output C:\Users\User\OneDrive - LP Industries\Documents\Limon\Projects\CompileOne\Temp\token_stream.json --language mini-c
2026-08-08 08:51:23,876 INFO     compileone.backend: backend[lex]: lex: 80 tokens, 17 errors, 0.00 ms -> C:\Users\User\OneDrive - LP Industries\Documents\Limon\Projects\CompileOne\Temp\token_stream.json
2026-08-08 08:51:23,920 DEBUG    compileone.store: artifact saved: C:\Users\User\OneDrive - LP Industries\Documents\Limon\Projects\CompileOne\Temp\token_stream.json
2026-08-08 08:51:23,921 DEBUG    compileone.backend: backend: C:\Users\User\OneDrive - LP Industries\Documents\Limon\Projects\CompileOne\build\compileone.exe run --input C:\Users\User\OneDrive - LP Industries\Documents\Limon\Projects\CompileOne\examples\study\hello.cpp --output C:\Users\User\OneDrive - LP Industries\Documents\Limon\Projects\CompileOne\Temp\execution.json --language mini-c
2026-08-08 08:51:23,945 INFO     compileone.backend: backend[run]: run: status=lex-error exit=1 steps=0, 0.00 ms -> C:\Users\User\OneDrive - LP Industries\Documents\Limon\Projects\CompileOne\Temp\execution.json
2026-08-08 08:51:23,949 DEBUG    compileone.store: artifact saved: C:\Users\User\OneDrive - LP Industries\Documents\Limon\Projects\CompileOne\Temp\execution.json
2026-08-08 08:51:23,950 INFO     compileone.orchestrator: compile_all: 2 phases run, 34 diagnostic(s)
2026-08-08 08:51:23,954 INFO     compileone.token_view: token view: 80 token(s), 17 error(s)
2026-08-08 08:51:25,020 DEBUG    compileone.backend: backend: C:\Users\User\OneDrive - LP Industries\Documents\Limon\Projects\CompileOne\build\compileone.exe lex --input C:\Users\User\OneDrive - LP Industries\Documents\Limon\Projects\CompileOne\examples\study\hello.cpp --output C:\Users\User\OneDrive - LP Industries\Documents\Limon\Projects\CompileOne\Temp\token_stream.json --language mini-c
2026-08-08 08:51:25,044 INFO     compileone.backend: backend[lex]: lex: 80 tokens, 17 errors, 0.00 ms -> C:\Users\User\OneDrive - LP Industries\Documents\Limon\Projects\CompileOne\Temp\token_stream.json
2026-08-08 08:51:25,082 DEBUG    compileone.store: artifact saved: C:\Users\User\OneDrive - LP Industries\Documents\Limon\Projects\CompileOne\Temp\token_stream.json
2026-08-08 08:51:25,083 DEBUG    compileone.backend: backend: C:\Users\User\OneDrive - LP Industries\Documents\Limon\Projects\CompileOne\build\compileone.exe run --input C:\Users\User\OneDrive - LP Industries\Documents\Limon\Projects\CompileOne\examples\study\hello.cpp --output C:\Users\User\OneDrive - LP Industries\Documents\Limon\Projects\CompileOne\Temp\execution.json --language mini-c
2026-08-08 08:51:25,106 INFO     compileone.backend: backend[run]: run: status=lex-error exit=1 steps=0, 0.00 ms -> C:\Users\User\OneDrive - LP Industries\Documents\Limon\Projects\CompileOne\Temp\execution.json
2026-08-08 08:51:25,109 DEBUG    compileone.store: artifact saved: C:\Users\User\OneDrive - LP Industries\Documents\Limon\Projects\CompileOne\Temp\execution.json
2026-08-08 08:51:25,111 INFO     compileone.orchestrator: compile_all: 2 phases run, 34 diagnostic(s)
2026-08-08 08:51:25,116 INFO     compileone.token_view: token view: 80 token(s), 17 error(s)
2026-08-08 08:51:25,237 DEBUG    compileone.backend: backend: C:\Users\User\OneDrive - LP Industries\Documents\Limon\Projects\CompileOne\build\compileone.exe lex --input C:\Users\User\OneDrive - LP Industries\Documents\Limon\Projects\CompileOne\examples\study\hello.cpp --output C:\Users\User\OneDrive - LP Industries\Documents\Limon\Projects\CompileOne\Temp\token_stream.json --language mini-c
2026-08-08 08:51:25,259 INFO     compileone.backend: backend[lex]: lex: 80 tokens, 17 errors, 0.00 ms -> C:\Users\User\OneDrive - LP Industries\Documents\Limon\Projects\CompileOne\Temp\token_stream.json
2026-08-08 08:51:25,309 DEBUG    compileone.store: artifact saved: C:\Users\User\OneDrive - LP Industries\Documents\Limon\Projects\CompileOne\Temp\token_stream.json
2026-08-08 08:51:25,310 DEBUG    compileone.backend: backend: C:\Users\User\OneDrive - LP Industries\Documents\Limon\Projects\CompileOne\build\compileone.exe run --input C:\Users\User\OneDrive - LP Industries\Documents\Limon\Projects\CompileOne\examples\study\hello.cpp --output C:\Users\User\OneDrive - LP Industries\Documents\Limon\Projects\CompileOne\Temp\execution.json --language mini-c
2026-08-08 08:51:25,334 INFO     compileone.backend: backend[run]: run: status=lex-error exit=1 steps=0, 0.00 ms -> C:\Users\User\OneDrive - LP Industries\Documents\Limon\Projects\CompileOne\Temp\execution.json
2026-08-08 08:51:25,337 DEBUG    compileone.store: artifact saved: C:\Users\User\OneDrive - LP Industries\Documents\Limon\Projects\CompileOne\Temp\execution.json
2026-08-08 08:51:25,339 INFO     compileone.orchestrator: compile_all: 2 phases run, 34 diagnostic(s)
2026-08-08 08:51:25,343 INFO     compileone.token_view: token view: 80 token(s), 17 error(s)
2026-08-08 08:56:43,635 DEBUG    compileone.theme: applied stylesheet C:\Users\User\OneDrive - LP Industries\Documents\Limon\Projects\CompileOne\app\ui\theme\vs_dark.qss
2026-08-08 08:56:45,658 DEBUG    compileone.backend: backend: C:\Users\User\OneDrive - LP Industries\Documents\Limon\Projects\CompileOne\build\compileone.exe lex --input C:\Users\User\OneDrive - LP Industries\Documents\Limon\Projects\CompileOne\examples\study\hello.cpp --output C:\Users\User\OneDrive - LP Industries\Documents\Limon\Projects\CompileOne\Temp\token_stream.json --language mini-c
2026-08-08 08:56:45,687 INFO     compileone.backend: backend[lex]: lex: 80 tokens, 17 errors, 0.00 ms -> C:\Users\User\OneDrive - LP Industries\Documents\Limon\Projects\CompileOne\Temp\token_stream.json
2026-08-08 08:56:45,734 DEBUG    compileone.store: artifact saved: C:\Users\User\OneDrive - LP Industries\Documents\Limon\Projects\CompileOne\Temp\token_stream.json
2026-08-08 08:56:45,735 DEBUG    compileone.backend: backend: C:\Users\User\OneDrive - LP Industries\Documents\Limon\Projects\CompileOne\build\compileone.exe run --input C:\Users\User\OneDrive - LP Industries\Documents\Limon\Projects\CompileOne\examples\study\hello.cpp --output C:\Users\User\OneDrive - LP Industries\Documents\Limon\Projects\CompileOne\Temp\execution.json --language mini-c
2026-08-08 08:56:45,757 INFO     compileone.backend: backend[run]: run: status=lex-error exit=1 steps=0, 0.00 ms -> C:\Users\User\OneDrive - LP Industries\Documents\Limon\Projects\CompileOne\Temp\execution.json
2026-08-08 08:56:45,780 DEBUG    compileone.store: artifact saved: C:\Users\User\OneDrive - LP Industries\Documents\Limon\Projects\CompileOne\Temp\execution.json
2026-08-08 08:56:45,782 INFO     compileone.orchestrator: compile_all: 2 phases run, 34 diagnostic(s)
2026-08-08 08:56:45,785 INFO     compileone.token_view: token view: 80 token(s), 17 error(s)
2026-08-08 11:56:56,029 DEBUG    compileone.theme: applied stylesheet C:\Users\User\OneDrive - LP Industries\Documents\Limon\Projects\CompileOne\app\ui\theme\vs_dark.qss
2026-08-08 11:56:57,851 DEBUG    compileone.backend: backend: C:\Users\User\OneDrive - LP Industries\Documents\Limon\Projects\CompileOne\build\compileone.exe lex --input C:\Users\User\OneDrive - LP Industries\Documents\Limon\Projects\CompileOne\examples\study\hello.cpp --output C:\Users\User\OneDrive - LP Industries\Documents\Limon\Projects\CompileOne\Temp\token_stream.json --language c++
2026-08-08 11:56:57,874 INFO     compileone.backend: backend[lex]: lex: 53 tokens, 0 errors, 0.00 ms -> C:\Users\User\OneDrive - LP Industries\Documents\Limon\Projects\CompileOne\Temp\token_stream.json
2026-08-08 11:56:57,907 DEBUG    compileone.store: artifact saved: C:\Users\User\OneDrive - LP Industries\Documents\Limon\Projects\CompileOne\Temp\token_stream.json
2026-08-08 11:56:57,912 INFO     compileone.orchestrator: compile_all: 1 phases run, 0 diagnostic(s)
2026-08-08 11:57:29,935 DEBUG    compileone.backend: backend: C:\Users\User\OneDrive - LP Industries\Documents\Limon\Projects\CompileOne\build\compileone.exe lex --input C:\Users\User\OneDrive - LP Industries\Documents\Limon\Projects\CompileOne\examples\study\hello.cpp --output C:\Users\User\OneDrive - LP Industries\Documents\Limon\Projects\CompileOne\Temp\token_stream.json --language c++
2026-08-08 11:57:29,947 INFO     compileone.backend: backend[lex]: lex: 53 tokens, 0 errors, 0.00 ms -> C:\Users\User\OneDrive - LP Industries\Documents\Limon\Projects\CompileOne\Temp\token_stream.json
2026-08-08 11:57:29,967 DEBUG    compileone.store: artifact saved: C:\Users\User\OneDrive - LP Industries\Documents\Limon\Projects\CompileOne\Temp\token_stream.json
2026-08-08 11:57:29,968 INFO     compileone.orchestrator: compile_all: 1 phases run, 0 diagnostic(s)
2026-08-08 11:57:33,261 DEBUG    compileone.orchestrator: native compile: C:\MinGW\bin\g++.EXE -o C:\Users\User\OneDrive - LP Industries\Documents\Limon\Projects\CompileOne\Temp\hello.exe C:\Users\User\OneDrive - LP Industries\Documents\Limon\Projects\CompileOne\examples\study\hello.cpp -g
2026-08-08 11:57:35,207 DEBUG    compileone.orchestrator: native compile: C:\MinGW\bin\g++.EXE -o C:\Users\User\OneDrive - LP Industries\Documents\Limon\Projects\CompileOne\Temp\hello.exe C:\Users\User\OneDrive - LP Industries\Documents\Limon\Projects\CompileOne\examples\study\hello.cpp -g
2026-08-08 11:57:35,617 ERROR    compileone.orchestrator: native compile failed:
c:/mingw/bin/../lib/gcc/mingw32/6.3.0/../../../../mingw32/bin/ld.exe: cannot open output file C:\Users\User\OneDrive - LP Industries\Documents\Limon\Projects\CompileOne\Temp\hello.exe: Permission denied
collect2.exe: error: ld returned 1 exit status
2026-08-08 11:57:35,628 DEBUG    compileone.orchestrator: native compile: C:\MinGW\bin\g++.EXE -o C:\Users\User\OneDrive - LP Industries\Documents\Limon\Projects\CompileOne\Temp\hello.exe C:\Users\User\OneDrive - LP Industries\Documents\Limon\Projects\CompileOne\examples\study\hello.cpp -g
2026-08-08 11:57:36,000 ERROR    compileone.orchestrator: native compile failed:
c:/mingw/bin/../lib/gcc/mingw32/6.3.0/../../../../mingw32/bin/ld.exe: cannot open output file C:\Users\User\OneDrive - LP Industries\Documents\Limon\Projects\CompileOne\Temp\hello.exe: Permission denied
collect2.exe: error: ld returned 1 exit status
2026-08-08 11:57:36,003 DEBUG    compileone.orchestrator: native compile: C:\MinGW\bin\g++.EXE -o C:\Users\User\OneDrive - LP Industries\Documents\Limon\Projects\CompileOne\Temp\hello.exe C:\Users\User\OneDrive - LP Industries\Documents\Limon\Projects\CompileOne\examples\study\hello.cpp -g
2026-08-08 11:57:36,422 ERROR    compileone.orchestrator: native compile failed:
c:/mingw/bin/../lib/gcc/mingw32/6.3.0/../../../../mingw32/bin/ld.exe: cannot open output file C:\Users\User\OneDrive - LP Industries\Documents\Limon\Projects\CompileOne\Temp\hello.exe: Permission denied
collect2.exe: error: ld returned 1 exit status
2026-08-08 11:57:36,426 DEBUG    compileone.orchestrator: native compile: C:\MinGW\bin\g++.EXE -o C:\Users\User\OneDrive - LP Industries\Documents\Limon\Projects\CompileOne\Temp\hello.exe C:\Users\User\OneDrive - LP Industries\Documents\Limon\Projects\CompileOne\examples\study\hello.cpp -g
2026-08-08 11:57:36,883 ERROR    compileone.orchestrator: native compile failed:
c:/mingw/bin/../lib/gcc/mingw32/6.3.0/../../../../mingw32/bin/ld.exe: cannot open output file C:\Users\User\OneDrive - LP Industries\Documents\Limon\Projects\CompileOne\Temp\hello.exe: Permission denied
collect2.exe: error: ld returned 1 exit status
2026-08-08 12:02:28,940 DEBUG    compileone.orchestrator: native compile: C:\MinGW\bin\g++.EXE -o C:\Users\User\OneDrive - LP Industries\Documents\Limon\Projects\CompileOne\Temp\hello.exe C:\Users\User\OneDrive - LP Industries\Documents\Limon\Projects\CompileOne\examples\study\hello.cpp -g
2026-08-08 12:02:29,710 ERROR    compileone.orchestrator: native compile failed:
c:/mingw/bin/../lib/gcc/mingw32/6.3.0/../../../../mingw32/bin/ld.exe: cannot open output file C:\Users\User\OneDrive - LP Industries\Documents\Limon\Projects\CompileOne\Temp\hello.exe: Permission denied
collect2.exe: error: ld returned 1 exit status
2026-08-08 12:02:42,050 DEBUG    compileone.backend: backend: C:\Users\User\OneDrive - LP Industries\Documents\Limon\Projects\CompileOne\build\compileone.exe lex --input C:\Users\User\OneDrive - LP Industries\Documents\Limon\Projects\CompileOne\examples\study\hello.cpp --output C:\Users\User\OneDrive - LP Industries\Documents\Limon\Projects\CompileOne\Temp\token_stream.json --language c++
2026-08-08 12:02:42,172 INFO     compileone.backend: backend[lex]: lex: 53 tokens, 0 errors, 0.00 ms -> C:\Users\User\OneDrive - LP Industries\Documents\Limon\Projects\CompileOne\Temp\token_stream.json
2026-08-08 12:02:42,237 DEBUG    compileone.store: artifact saved: C:\Users\User\OneDrive - LP Industries\Documents\Limon\Projects\CompileOne\Temp\token_stream.json
2026-08-08 12:02:42,238 INFO     compileone.orchestrator: compile_all: 1 phases run, 0 diagnostic(s)
2026-08-08 12:02:42,650 DEBUG    compileone.backend: backend: C:\Users\User\OneDrive - LP Industries\Documents\Limon\Projects\CompileOne\build\compileone.exe lex --input C:\Users\User\OneDrive - LP Industries\Documents\Limon\Projects\CompileOne\examples\study\hello.cpp --output C:\Users\User\OneDrive - LP Industries\Documents\Limon\Projects\CompileOne\Temp\token_stream.json --language c++
2026-08-08 12:02:42,668 INFO     compileone.backend: backend[lex]: lex: 53 tokens, 0 errors, 0.00 ms -> C:\Users\User\OneDrive - LP Industries\Documents\Limon\Projects\CompileOne\Temp\token_stream.json
2026-08-08 12:02:42,710 DEBUG    compileone.store: artifact saved: C:\Users\User\OneDrive - LP Industries\Documents\Limon\Projects\CompileOne\Temp\token_stream.json
2026-08-08 12:02:42,714 INFO     compileone.orchestrator: compile_all: 1 phases run, 0 diagnostic(s)
2026-08-08 12:02:42,837 DEBUG    compileone.backend: backend: C:\Users\User\OneDrive - LP Industries\Documents\Limon\Projects\CompileOne\build\compileone.exe lex --input C:\Users\User\OneDrive - LP Industries\Documents\Limon\Projects\CompileOne\examples\study\hello.cpp --output C:\Users\User\OneDrive - LP Industries\Documents\Limon\Projects\CompileOne\Temp\token_stream.json --language c++
2026-08-08 12:02:42,855 INFO     compileone.backend: backend[lex]: lex: 53 tokens, 0 errors, 0.00 ms -> C:\Users\User\OneDrive - LP Industries\Documents\Limon\Projects\CompileOne\Temp\token_stream.json
2026-08-08 12:02:42,912 DEBUG    compileone.store: artifact saved: C:\Users\User\OneDrive - LP Industries\Documents\Limon\Projects\CompileOne\Temp\token_stream.json
2026-08-08 12:02:42,914 INFO     compileone.orchestrator: compile_all: 1 phases run, 0 diagnostic(s)
2026-08-08 12:02:42,998 DEBUG    compileone.backend: backend: C:\Users\User\OneDrive - LP Industries\Documents\Limon\Projects\CompileOne\build\compileone.exe lex --input C:\Users\User\OneDrive - LP Industries\Documents\Limon\Projects\CompileOne\examples\study\hello.cpp --output C:\Users\User\OneDrive - LP Industries\Documents\Limon\Projects\CompileOne\Temp\token_stream.json --language c++
2026-08-08 12:02:43,014 INFO     compileone.backend: backend[lex]: lex: 53 tokens, 0 errors, 0.00 ms -> C:\Users\User\OneDrive - LP Industries\Documents\Limon\Projects\CompileOne\Temp\token_stream.json
2026-08-08 12:02:43,050 DEBUG    compileone.store: artifact saved: C:\Users\User\OneDrive - LP Industries\Documents\Limon\Projects\CompileOne\Temp\token_stream.json
2026-08-08 12:02:43,051 INFO     compileone.orchestrator: compile_all: 1 phases run, 0 diagnostic(s)
2026-08-08 12:02:43,667 DEBUG    compileone.backend: backend: C:\Users\User\OneDrive - LP Industries\Documents\Limon\Projects\CompileOne\build\compileone.exe lex --input C:\Users\User\OneDrive - LP Industries\Documents\Limon\Projects\CompileOne\examples\study\hello.cpp --output C:\Users\User\OneDrive - LP Industries\Documents\Limon\Projects\CompileOne\Temp\token_stream.json --language c++
2026-08-08 12:02:43,684 INFO     compileone.backend: backend[lex]: lex: 53 tokens, 0 errors, 2.00 ms -> C:\Users\User\OneDrive - LP Industries\Documents\Limon\Projects\CompileOne\Temp\token_stream.json
2026-08-08 12:02:43,736 DEBUG    compileone.store: artifact saved: C:\Users\User\OneDrive - LP Industries\Documents\Limon\Projects\CompileOne\Temp\token_stream.json
2026-08-08 12:02:43,740 INFO     compileone.orchestrator: compile_all: 1 phases run, 0 diagnostic(s)
2026-08-08 12:02:43,856 DEBUG    compileone.backend: backend: C:\Users\User\OneDrive - LP Industries\Documents\Limon\Projects\CompileOne\build\compileone.exe lex --input C:\Users\User\OneDrive - LP Industries\Documents\Limon\Projects\CompileOne\examples\study\hello.cpp --output C:\Users\User\OneDrive - LP Industries\Documents\Limon\Projects\CompileOne\Temp\token_stream.json --language c++
2026-08-08 12:02:43,872 INFO     compileone.backend: backend[lex]: lex: 53 tokens, 0 errors, 0.00 ms -> C:\Users\User\OneDrive - LP Industries\Documents\Limon\Projects\CompileOne\Temp\token_stream.json
2026-08-08 12:02:43,919 DEBUG    compileone.store: artifact saved: C:\Users\User\OneDrive - LP Industries\Documents\Limon\Projects\CompileOne\Temp\token_stream.json
2026-08-08 12:02:43,921 INFO     compileone.orchestrator: compile_all: 1 phases run, 0 diagnostic(s)
2026-08-08 12:02:44,036 DEBUG    compileone.backend: backend: C:\Users\User\OneDrive - LP Industries\Documents\Limon\Projects\CompileOne\build\compileone.exe lex --input C:\Users\User\OneDrive - LP Industries\Documents\Limon\Projects\CompileOne\examples\study\hello.cpp --output C:\Users\User\OneDrive - LP Industries\Documents\Limon\Projects\CompileOne\Temp\token_stream.json --language c++
2026-08-08 12:02:44,055 INFO     compileone.backend: backend[lex]: lex: 53 tokens, 0 errors, 0.00 ms -> C:\Users\User\OneDrive - LP Industries\Documents\Limon\Projects\CompileOne\Temp\token_stream.json
2026-08-08 12:02:44,105 DEBUG    compileone.store: artifact saved: C:\Users\User\OneDrive - LP Industries\Documents\Limon\Projects\CompileOne\Temp\token_stream.json
2026-08-08 12:02:44,107 INFO     compileone.orchestrator: compile_all: 1 phases run, 0 diagnostic(s)
2026-08-08 12:02:55,248 DEBUG    compileone.backend: backend: C:\Users\User\OneDrive - LP Industries\Documents\Limon\Projects\CompileOne\build\compileone.exe lex --input C:\Users\User\OneDrive - LP Industries\Documents\Limon\Projects\CompileOne\Temp\demo.c --output C:\Users\User\OneDrive - LP Industries\Documents\Limon\Projects\CompileOne\Temp\token_stream.json --language c
2026-08-08 12:02:55,272 INFO     compileone.backend: backend[lex]: lex: 69 tokens, 0 errors, 0.00 ms -> C:\Users\User\OneDrive - LP Industries\Documents\Limon\Projects\CompileOne\Temp\token_stream.json
2026-08-08 12:02:55,330 DEBUG    compileone.store: artifact saved: C:\Users\User\OneDrive - LP Industries\Documents\Limon\Projects\CompileOne\Temp\token_stream.json
2026-08-08 12:02:55,331 INFO     compileone.orchestrator: compile_all: 1 phases run, 0 diagnostic(s)
2026-08-08 12:02:59,820 DEBUG    compileone.backend: backend: C:\Users\User\OneDrive - LP Industries\Documents\Limon\Projects\CompileOne\build\compileone.exe lex --input C:\Users\User\OneDrive - LP Industries\Documents\Limon\Projects\CompileOne\Temp\demo.c --output C:\Users\User\OneDrive - LP Industries\Documents\Limon\Projects\CompileOne\Temp\token_stream.json --language c
2026-08-08 12:02:59,837 INFO     compileone.backend: backend[lex]: lex: 69 tokens, 0 errors, 0.00 ms -> C:\Users\User\OneDrive - LP Industries\Documents\Limon\Projects\CompileOne\Temp\token_stream.json
2026-08-08 12:02:59,888 DEBUG    compileone.store: artifact saved: C:\Users\User\OneDrive - LP Industries\Documents\Limon\Projects\CompileOne\Temp\token_stream.json
2026-08-08 12:02:59,890 INFO     compileone.orchestrator: compile_all: 1 phases run, 0 diagnostic(s)
2026-08-08 12:03:00,614 DEBUG    compileone.backend: backend: C:\Users\User\OneDrive - LP Industries\Documents\Limon\Projects\CompileOne\build\compileone.exe lex --input C:\Users\User\OneDrive - LP Industries\Documents\Limon\Projects\CompileOne\Temp\demo.c --output C:\Users\User\OneDrive - LP Industries\Documents\Limon\Projects\CompileOne\Temp\token_stream.json --language c
2026-08-08 12:03:00,631 INFO     compileone.backend: backend[lex]: lex: 69 tokens, 0 errors, 0.00 ms -> C:\Users\User\OneDrive - LP Industries\Documents\Limon\Projects\CompileOne\Temp\token_stream.json
2026-08-08 12:03:00,682 DEBUG    compileone.store: artifact saved: C:\Users\User\OneDrive - LP Industries\Documents\Limon\Projects\CompileOne\Temp\token_stream.json
2026-08-08 12:03:00,684 INFO     compileone.orchestrator: compile_all: 1 phases run, 0 diagnostic(s)
2026-08-08 12:03:00,794 DEBUG    compileone.backend: backend: C:\Users\User\OneDrive - LP Industries\Documents\Limon\Projects\CompileOne\build\compileone.exe lex --input C:\Users\User\OneDrive - LP Industries\Documents\Limon\Projects\CompileOne\Temp\demo.c --output C:\Users\User\OneDrive - LP Industries\Documents\Limon\Projects\CompileOne\Temp\token_stream.json --language c
2026-08-08 12:03:00,811 INFO     compileone.backend: backend[lex]: lex: 69 tokens, 0 errors, 0.00 ms -> C:\Users\User\OneDrive - LP Industries\Documents\Limon\Projects\CompileOne\Temp\token_stream.json
2026-08-08 12:03:00,878 DEBUG    compileone.store: artifact saved: C:\Users\User\OneDrive - LP Industries\Documents\Limon\Projects\CompileOne\Temp\token_stream.json
2026-08-08 12:03:00,881 INFO     compileone.orchestrator: compile_all: 1 phases run, 0 diagnostic(s)
2026-08-08 12:03:00,967 DEBUG    compileone.backend: backend: C:\Users\User\OneDrive - LP Industries\Documents\Limon\Projects\CompileOne\build\compileone.exe lex --input C:\Users\User\OneDrive - LP Industries\Documents\Limon\Projects\CompileOne\Temp\demo.c --output C:\Users\User\OneDrive - LP Industries\Documents\Limon\Projects\CompileOne\Temp\token_stream.json --language c
2026-08-08 12:03:00,984 INFO     compileone.backend: backend[lex]: lex: 69 tokens, 0 errors, 3.00 ms -> C:\Users\User\OneDrive - LP Industries\Documents\Limon\Projects\CompileOne\Temp\token_stream.json
2026-08-08 12:03:01,023 DEBUG    compileone.store: artifact saved: C:\Users\User\OneDrive - LP Industries\Documents\Limon\Projects\CompileOne\Temp\token_stream.json
2026-08-08 12:03:01,025 INFO     compileone.orchestrator: compile_all: 1 phases run, 0 diagnostic(s)
2026-08-08 12:03:06,789 DEBUG    compileone.orchestrator: native compile: C:\MinGW\bin\gcc.EXE -o C:\Users\User\OneDrive - LP Industries\Documents\Limon\Projects\CompileOne\Temp\demo.exe C:\Users\User\OneDrive - LP Industries\Documents\Limon\Projects\CompileOne\Temp\demo.c -g
2026-08-08 12:03:07,316 WARNING  compileone.backend: An interactive process is already running. Cannot start another.
2026-08-08 12:03:07,348 DEBUG    compileone.orchestrator: native compile: C:\MinGW\bin\gcc.EXE -o C:\Users\User\OneDrive - LP Industries\Documents\Limon\Projects\CompileOne\Temp\demo.exe C:\Users\User\OneDrive - LP Industries\Documents\Limon\Projects\CompileOne\Temp\demo.c -g
2026-08-08 12:03:07,696 WARNING  compileone.backend: An interactive process is already running. Cannot start another.
2026-08-08 12:03:07,703 DEBUG    compileone.orchestrator: native compile: C:\MinGW\bin\gcc.EXE -o C:\Users\User\OneDrive - LP Industries\Documents\Limon\Projects\CompileOne\Temp\demo.exe C:\Users\User\OneDrive - LP Industries\Documents\Limon\Projects\CompileOne\Temp\demo.c -g
2026-08-08 12:03:08,012 WARNING  compileone.backend: An interactive process is already running. Cannot start another.
2026-08-08 12:03:08,019 DEBUG    compileone.orchestrator: native compile: C:\MinGW\bin\gcc.EXE -o C:\Users\User\OneDrive - LP Industries\Documents\Limon\Projects\CompileOne\Temp\demo.exe C:\Users\User\OneDrive - LP Industries\Documents\Limon\Projects\CompileOne\Temp\demo.c -g
2026-08-08 12:03:08,359 WARNING  compileone.backend: An interactive process is already running. Cannot start another.
2026-08-08 12:03:14,562 DEBUG    compileone.orchestrator: native compile: C:\MinGW\bin\gcc.EXE -o C:\Users\User\OneDrive - LP Industries\Documents\Limon\Projects\CompileOne\Temp\demo.exe C:\Users\User\OneDrive - LP Industries\Documents\Limon\Projects\CompileOne\Temp\demo.c -g
2026-08-08 12:03:14,927 WARNING  compileone.backend: An interactive process is already running. Cannot start another.
2026-08-08 12:55:11,173 DEBUG    compileone.theme: applied stylesheet C:\Users\User\OneDrive - LP Industries\Documents\Limon\Projects\CompileOne\app\ui\theme\vs_dark.qss
2026-08-08 12:55:14,019 DEBUG    compileone.backend: backend: C:\Users\User\OneDrive - LP Industries\Documents\Limon\Projects\CompileOne\build\compileone.exe lex --input C:\Users\User\OneDrive - LP Industries\Documents\Limon\Projects\CompileOne\examples\study\hello.cpp --output C:\Users\User\OneDrive - LP Industries\Documents\Limon\Projects\CompileOne\Temp\token_stream.json --language c++
2026-08-08 12:55:14,062 INFO     compileone.backend: backend[lex]: lex: 53 tokens, 0 errors, 2.00 ms -> C:\Users\User\OneDrive - LP Industries\Documents\Limon\Projects\CompileOne\Temp\token_stream.json
2026-08-08 12:55:14,111 DEBUG    compileone.store: artifact saved: C:\Users\User\OneDrive - LP Industries\Documents\Limon\Projects\CompileOne\Temp\token_stream.json
2026-08-08 12:55:14,112 INFO     compileone.orchestrator: compile_all: 1 phases run, 0 diagnostic(s)
2026-08-08 12:55:23,202 DEBUG    compileone.backend: backend: C:\Users\User\OneDrive - LP Industries\Documents\Limon\Projects\CompileOne\build\compileone.exe lex --input C:\Users\User\OneDrive - LP Industries\Documents\Limon\Projects\CompileOne\examples\study\hello.cpp --output C:\Users\User\OneDrive - LP Industries\Documents\Limon\Projects\CompileOne\Temp\token_stream.json --language c++
2026-08-08 12:55:23,240 INFO     compileone.backend: backend[lex]: lex: 53 tokens, 0 errors, 0.00 ms -> C:\Users\User\OneDrive - LP Industries\Documents\Limon\Projects\CompileOne\Temp\token_stream.json
2026-08-08 12:55:23,311 DEBUG    compileone.store: artifact saved: C:\Users\User\OneDrive - LP Industries\Documents\Limon\Projects\CompileOne\Temp\token_stream.json
2026-08-08 12:55:23,312 INFO     compileone.orchestrator: compile_all: 1 phases run, 0 diagnostic(s)
2026-08-08 12:55:31,206 DEBUG    compileone.orchestrator: native compile: C:\MinGW\bin\g++.EXE -o C:\Users\User\OneDrive - LP Industries\Documents\Limon\Projects\CompileOne\Temp\hello.exe C:\Users\User\OneDrive - LP Industries\Documents\Limon\Projects\CompileOne\examples\study\hello.cpp -g
2026-08-08 12:55:37,055 DEBUG    compileone.orchestrator: native compile: C:\MinGW\bin\g++.EXE -o C:\Users\User\OneDrive - LP Industries\Documents\Limon\Projects\CompileOne\Temp\hello.exe C:\Users\User\OneDrive - LP Industries\Documents\Limon\Projects\CompileOne\examples\study\hello.cpp -g
2026-08-08 12:55:37,720 ERROR    compileone.orchestrator: native compile failed:
c:/mingw/bin/../lib/gcc/mingw32/6.3.0/../../../../mingw32/bin/ld.exe: cannot open output file C:\Users\User\OneDrive - LP Industries\Documents\Limon\Projects\CompileOne\Temp\hello.exe: Permission denied
collect2.exe: error: ld returned 1 exit status
2026-08-08 12:55:37,734 DEBUG    compileone.orchestrator: native compile: C:\MinGW\bin\g++.EXE -o C:\Users\User\OneDrive - LP Industries\Documents\Limon\Projects\CompileOne\Temp\hello.exe C:\Users\User\OneDrive - LP Industries\Documents\Limon\Projects\CompileOne\examples\study\hello.cpp -g
2026-08-08 12:55:38,623 ERROR    compileone.orchestrator: native compile failed:
c:/mingw/bin/../lib/gcc/mingw32/6.3.0/../../../../mingw32/bin/ld.exe: cannot open output file C:\Users\User\OneDrive - LP Industries\Documents\Limon\Projects\CompileOne\Temp\hello.exe: Permission denied
collect2.exe: error: ld returned 1 exit status
2026-08-08 12:55:38,629 DEBUG    compileone.orchestrator: native compile: C:\MinGW\bin\g++.EXE -o C:\Users\User\OneDrive - LP Industries\Documents\Limon\Projects\CompileOne\Temp\hello.exe C:\Users\User\OneDrive - LP Industries\Documents\Limon\Projects\CompileOne\examples\study\hello.cpp -g
2026-08-08 12:55:39,482 ERROR    compileone.orchestrator: native compile failed:
c:/mingw/bin/../lib/gcc/mingw32/6.3.0/../../../../mingw32/bin/ld.exe: cannot open output file C:\Users\User\OneDrive - LP Industries\Documents\Limon\Projects\CompileOne\Temp\hello.exe: Permission denied
collect2.exe: error: ld returned 1 exit status
2026-08-08 12:56:40,226 DEBUG    compileone.theme: applied stylesheet C:\Users\User\OneDrive - LP Industries\Documents\Limon\Projects\CompileOne\app\ui\theme\vs_dark.qss
2026-08-08 12:56:42,765 DEBUG    compileone.backend: backend: C:\Users\User\OneDrive - LP Industries\Documents\Limon\Projects\CompileOne\build\compileone.exe lex --input C:\Users\User\OneDrive - LP Industries\Documents\Limon\Projects\CompileOne\examples\study\hello.cpp --output C:\Users\User\OneDrive - LP Industries\Documents\Limon\Projects\CompileOne\Temp\token_stream.json --language c++
2026-08-08 12:56:42,933 INFO     compileone.backend: backend[lex]: lex: 53 tokens, 0 errors, 0.00 ms -> C:\Users\User\OneDrive - LP Industries\Documents\Limon\Projects\CompileOne\Temp\token_stream.json
2026-08-08 12:56:42,988 DEBUG    compileone.store: artifact saved: C:\Users\User\OneDrive - LP Industries\Documents\Limon\Projects\CompileOne\Temp\token_stream.json
2026-08-08 12:56:42,990 INFO     compileone.orchestrator: compile_all: 1 phases run, 0 diagnostic(s)
2026-08-08 12:56:48,080 DEBUG    compileone.orchestrator: native compile: C:\MinGW\bin\g++.EXE -o C:\Users\User\OneDrive - LP Industries\Documents\Limon\Projects\CompileOne\Temp\hello.exe C:\Users\User\OneDrive - LP Industries\Documents\Limon\Projects\CompileOne\examples\study\hello.cpp -g
2026-08-08 12:57:13,471 DEBUG    compileone.backend: backend: C:\Users\User\OneDrive - LP Industries\Documents\Limon\Projects\CompileOne\build\compileone.exe lex --input C:\Users\User\OneDrive - LP Industries\Documents\Limon\Projects\CompileOne\examples\study\hello.cpp --output C:\Users\User\OneDrive - LP Industries\Documents\Limon\Projects\CompileOne\Temp\token_stream.json --language c++
2026-08-08 12:57:13,498 INFO     compileone.backend: backend[lex]: lex: 53 tokens, 0 errors, 0.00 ms -> C:\Users\User\OneDrive - LP Industries\Documents\Limon\Projects\CompileOne\Temp\token_stream.json
2026-08-08 12:57:13,581 DEBUG    compileone.store: artifact saved: C:\Users\User\OneDrive - LP Industries\Documents\Limon\Projects\CompileOne\Temp\token_stream.json
2026-08-08 12:57:13,585 INFO     compileone.orchestrator: compile_all: 1 phases run, 0 diagnostic(s)
2026-08-08 12:57:20,449 DEBUG    compileone.orchestrator: native compile: C:\MinGW\bin\g++.EXE -o C:\Users\User\OneDrive - LP Industries\Documents\Limon\Projects\CompileOne\Temp\hello.exe C:\Users\User\OneDrive - LP Industries\Documents\Limon\Projects\CompileOne\examples\study\hello.cpp -g
2026-08-08 12:57:23,598 DEBUG    compileone.backend: backend: C:\Users\User\OneDrive - LP Industries\Documents\Limon\Projects\CompileOne\build\compileone.exe lex --input C:\Users\User\OneDrive - LP Industries\Documents\Limon\Projects\CompileOne\examples\study\hello.cpp --output C:\Users\User\OneDrive - LP Industries\Documents\Limon\Projects\CompileOne\Temp\token_stream.json --language c++
2026-08-08 12:57:23,629 INFO     compileone.backend: backend[lex]: lex: 53 tokens, 0 errors, 0.00 ms -> C:\Users\User\OneDrive - LP Industries\Documents\Limon\Projects\CompileOne\Temp\token_stream.json
2026-08-08 12:57:23,682 DEBUG    compileone.store: artifact saved: C:\Users\User\OneDrive - LP Industries\Documents\Limon\Projects\CompileOne\Temp\token_stream.json
2026-08-08 12:57:23,684 INFO     compileone.orchestrator: compile_all: 1 phases run, 0 diagnostic(s)
2026-08-08 12:57:23,799 DEBUG    compileone.backend: backend: C:\Users\User\OneDrive - LP Industries\Documents\Limon\Projects\CompileOne\build\compileone.exe lex --input C:\Users\User\OneDrive - LP Industries\Documents\Limon\Projects\CompileOne\examples\study\hello.cpp --output C:\Users\User\OneDrive - LP Industries\Documents\Limon\Projects\CompileOne\Temp\token_stream.json --language c++
2026-08-08 12:57:23,823 INFO     compileone.backend: backend[lex]: lex: 53 tokens, 0 errors, 0.00 ms -> C:\Users\User\OneDrive - LP Industries\Documents\Limon\Projects\CompileOne\Temp\token_stream.json
2026-08-08 12:57:23,884 DEBUG    compileone.store: artifact saved: C:\Users\User\OneDrive - LP Industries\Documents\Limon\Projects\CompileOne\Temp\token_stream.json
2026-08-08 12:57:23,885 INFO     compileone.orchestrator: compile_all: 1 phases run, 0 diagnostic(s)
2026-08-08 12:57:24,008 DEBUG    compileone.backend: backend: C:\Users\User\OneDrive - LP Industries\Documents\Limon\Projects\CompileOne\build\compileone.exe lex --input C:\Users\User\OneDrive - LP Industries\Documents\Limon\Projects\CompileOne\examples\study\hello.cpp --output C:\Users\User\OneDrive - LP Industries\Documents\Limon\Projects\CompileOne\Temp\token_stream.json --language c++
2026-08-08 12:57:24,036 INFO     compileone.backend: backend[lex]: lex: 53 tokens, 0 errors, 0.00 ms -> C:\Users\User\OneDrive - LP Industries\Documents\Limon\Projects\CompileOne\Temp\token_stream.json
2026-08-08 12:57:24,080 DEBUG    compileone.store: artifact saved: C:\Users\User\OneDrive - LP Industries\Documents\Limon\Projects\CompileOne\Temp\token_stream.json
2026-08-08 12:57:24,082 INFO     compileone.orchestrator: compile_all: 1 phases run, 0 diagnostic(s)
2026-08-08 12:57:24,160 DEBUG    compileone.backend: backend: C:\Users\User\OneDrive - LP Industries\Documents\Limon\Projects\CompileOne\build\compileone.exe lex --input C:\Users\User\OneDrive - LP Industries\Documents\Limon\Projects\CompileOne\examples\study\hello.cpp --output C:\Users\User\OneDrive - LP Industries\Documents\Limon\Projects\CompileOne\Temp\token_stream.json --language c++
2026-08-08 12:57:24,187 INFO     compileone.backend: backend[lex]: lex: 53 tokens, 0 errors, 1.00 ms -> C:\Users\User\OneDrive - LP Industries\Documents\Limon\Projects\CompileOne\Temp\token_stream.json
2026-08-08 12:57:24,243 DEBUG    compileone.store: artifact saved: C:\Users\User\OneDrive - LP Industries\Documents\Limon\Projects\CompileOne\Temp\token_stream.json
2026-08-08 12:57:24,245 INFO     compileone.orchestrator: compile_all: 1 phases run, 0 diagnostic(s)
2026-08-08 12:57:24,353 DEBUG    compileone.backend: backend: C:\Users\User\OneDrive - LP Industries\Documents\Limon\Projects\CompileOne\build\compileone.exe lex --input C:\Users\User\OneDrive - LP Industries\Documents\Limon\Projects\CompileOne\examples\study\hello.cpp --output C:\Users\User\OneDrive - LP Industries\Documents\Limon\Projects\CompileOne\Temp\token_stream.json --language c++
2026-08-08 12:57:24,380 INFO     compileone.backend: backend[lex]: lex: 53 tokens, 0 errors, 0.00 ms -> C:\Users\User\OneDrive - LP Industries\Documents\Limon\Projects\CompileOne\Temp\token_stream.json
2026-08-08 12:57:24,424 DEBUG    compileone.store: artifact saved: C:\Users\User\OneDrive - LP Industries\Documents\Limon\Projects\CompileOne\Temp\token_stream.json
2026-08-08 12:57:24,425 INFO     compileone.orchestrator: compile_all: 1 phases run, 0 diagnostic(s)
2026-08-08 12:57:24,522 DEBUG    compileone.backend: backend: C:\Users\User\OneDrive - LP Industries\Documents\Limon\Projects\CompileOne\build\compileone.exe lex --input C:\Users\User\OneDrive - LP Industries\Documents\Limon\Projects\CompileOne\examples\study\hello.cpp --output C:\Users\User\OneDrive - LP Industries\Documents\Limon\Projects\CompileOne\Temp\token_stream.json --language c++
2026-08-08 12:57:24,624 INFO     compileone.backend: backend[lex]: lex: 53 tokens, 0 errors, 2.00 ms -> C:\Users\User\OneDrive - LP Industries\Documents\Limon\Projects\CompileOne\Temp\token_stream.json
2026-08-08 12:57:24,670 DEBUG    compileone.store: artifact saved: C:\Users\User\OneDrive - LP Industries\Documents\Limon\Projects\CompileOne\Temp\token_stream.json
2026-08-08 12:57:24,671 INFO     compileone.orchestrator: compile_all: 1 phases run, 0 diagnostic(s)
2026-08-08 12:57:24,696 DEBUG    compileone.backend: backend: C:\Users\User\OneDrive - LP Industries\Documents\Limon\Projects\CompileOne\build\compileone.exe lex --input C:\Users\User\OneDrive - LP Industries\Documents\Limon\Projects\CompileOne\examples\study\hello.cpp --output C:\Users\User\OneDrive - LP Industries\Documents\Limon\Projects\CompileOne\Temp\token_stream.json --language c++
2026-08-08 12:57:24,740 INFO     compileone.backend: backend[lex]: lex: 53 tokens, 0 errors, 0.00 ms -> C:\Users\User\OneDrive - LP Industries\Documents\Limon\Projects\CompileOne\Temp\token_stream.json
2026-08-08 12:57:24,792 DEBUG    compileone.store: artifact saved: C:\Users\User\OneDrive - LP Industries\Documents\Limon\Projects\CompileOne\Temp\token_stream.json
2026-08-08 12:57:24,793 INFO     compileone.orchestrator: compile_all: 1 phases run, 0 diagnostic(s)
2026-08-08 12:57:24,874 DEBUG    compileone.backend: backend: C:\Users\User\OneDrive - LP Industries\Documents\Limon\Projects\CompileOne\build\compileone.exe lex --input C:\Users\User\OneDrive - LP Industries\Documents\Limon\Projects\CompileOne\examples\study\hello.cpp --output C:\Users\User\OneDrive - LP Industries\Documents\Limon\Projects\CompileOne\Temp\token_stream.json --language c++
2026-08-08 12:57:24,905 INFO     compileone.backend: backend[lex]: lex: 53 tokens, 0 errors, 0.00 ms -> C:\Users\User\OneDrive - LP Industries\Documents\Limon\Projects\CompileOne\Temp\token_stream.json
2026-08-08 12:57:24,962 DEBUG    compileone.store: artifact saved: C:\Users\User\OneDrive - LP Industries\Documents\Limon\Projects\CompileOne\Temp\token_stream.json
2026-08-08 12:57:24,964 INFO     compileone.orchestrator: compile_all: 1 phases run, 0 diagnostic(s)
2026-08-08 12:57:25,102 DEBUG    compileone.backend: backend: C:\Users\User\OneDrive - LP Industries\Documents\Limon\Projects\CompileOne\build\compileone.exe lex --input C:\Users\User\OneDrive - LP Industries\Documents\Limon\Projects\CompileOne\examples\study\hello.cpp --output C:\Users\User\OneDrive - LP Industries\Documents\Limon\Projects\CompileOne\Temp\token_stream.json --language c++
2026-08-08 12:57:25,131 INFO     compileone.backend: backend[lex]: lex: 53 tokens, 0 errors, 0.00 ms -> C:\Users\User\OneDrive - LP Industries\Documents\Limon\Projects\CompileOne\Temp\token_stream.json
2026-08-08 12:57:25,180 DEBUG    compileone.store: artifact saved: C:\Users\User\OneDrive - LP Industries\Documents\Limon\Projects\CompileOne\Temp\token_stream.json
2026-08-08 12:57:25,182 INFO     compileone.orchestrator: compile_all: 1 phases run, 0 diagnostic(s)
2026-08-08 12:57:52,197 DEBUG    compileone.orchestrator: native compile: C:\MinGW\bin\g++.EXE -o C:\Users\User\OneDrive - LP Industries\Documents\Limon\Projects\CompileOne\Temp\hello.exe C:\Users\User\OneDrive - LP Industries\Documents\Limon\Projects\CompileOne\examples\study\hello.cpp -g
2026-08-08 12:59:16,843 DEBUG    compileone.orchestrator: native compile: C:\MinGW\bin\g++.EXE -o C:\Users\User\OneDrive - LP Industries\Documents\Limon\Projects\CompileOne\Temp\hello.exe C:\Users\User\OneDrive - LP Industries\Documents\Limon\Projects\CompileOne\examples\study\hello.cpp -g
2026-08-08 12:59:22,287 DEBUG    compileone.backend: backend: C:\Users\User\OneDrive - LP Industries\Documents\Limon\Projects\CompileOne\build\compileone.exe lex --input C:\Users\User\OneDrive - LP Industries\Documents\Limon\Projects\CompileOne\examples\study\hello.cpp --output C:\Users\User\OneDrive - LP Industries\Documents\Limon\Projects\CompileOne\Temp\token_stream.json --language c++
2026-08-08 12:59:22,303 INFO     compileone.backend: backend[lex]: lex: 53 tokens, 0 errors, 0.00 ms -> C:\Users\User\OneDrive - LP Industries\Documents\Limon\Projects\CompileOne\Temp\token_stream.json
2026-08-08 12:59:22,373 DEBUG    compileone.store: artifact saved: C:\Users\User\OneDrive - LP Industries\Documents\Limon\Projects\CompileOne\Temp\token_stream.json
2026-08-08 12:59:22,374 INFO     compileone.orchestrator: compile_all: 1 phases run, 0 diagnostic(s)
2026-08-08 12:59:43,511 DEBUG    compileone.orchestrator: native compile: C:\MinGW\bin\g++.EXE -o C:\Users\User\OneDrive - LP Industries\Documents\Limon\Projects\CompileOne\Temp\hello.exe C:\Users\User\OneDrive - LP Industries\Documents\Limon\Projects\CompileOne\examples\study\hello.cpp -g
2026-08-08 12:59:50,524 DEBUG    compileone.orchestrator: native compile: C:\MinGW\bin\g++.EXE -o C:\Users\User\OneDrive - LP Industries\Documents\Limon\Projects\CompileOne\Temp\hello.exe C:\Users\User\OneDrive - LP Industries\Documents\Limon\Projects\CompileOne\examples\study\hello.cpp -g
2026-08-08 12:59:51,093 ERROR    compileone.orchestrator: native compile failed:
c:/mingw/bin/../lib/gcc/mingw32/6.3.0/../../../../mingw32/bin/ld.exe: cannot open output file C:\Users\User\OneDrive - LP Industries\Documents\Limon\Projects\CompileOne\Temp\hello.exe: Permission denied
collect2.exe: error: ld returned 1 exit status
2026-08-08 13:00:02,459 DEBUG    compileone.orchestrator: native compile: C:\MinGW\bin\g++.EXE -o C:\Users\User\OneDrive - LP Industries\Documents\Limon\Projects\CompileOne\Temp\hello.exe C:\Users\User\OneDrive - LP Industries\Documents\Limon\Projects\CompileOne\examples\study\hello.cpp -g
2026-08-08 13:00:03,168 ERROR    compileone.orchestrator: native compile failed:
c:/mingw/bin/../lib/gcc/mingw32/6.3.0/../../../../mingw32/bin/ld.exe: cannot open output file C:\Users\User\OneDrive - LP Industries\Documents\Limon\Projects\CompileOne\Temp\hello.exe: Permission denied
collect2.exe: error: ld returned 1 exit status
2026-08-08 13:00:06,527 DEBUG    compileone.orchestrator: native compile: C:\MinGW\bin\g++.EXE -o C:\Users\User\OneDrive - LP Industries\Documents\Limon\Projects\CompileOne\Temp\hello.exe C:\Users\User\OneDrive - LP Industries\Documents\Limon\Projects\CompileOne\examples\study\hello.cpp -g
2026-08-08 13:00:07,091 ERROR    compileone.orchestrator: native compile failed:
c:/mingw/bin/../lib/gcc/mingw32/6.3.0/../../../../mingw32/bin/ld.exe: cannot open output file C:\Users\User\OneDrive - LP Industries\Documents\Limon\Projects\CompileOne\Temp\hello.exe: Permission denied
collect2.exe: error: ld returned 1 exit status
2026-08-08 13:00:07,100 DEBUG    compileone.orchestrator: native compile: C:\MinGW\bin\g++.EXE -o C:\Users\User\OneDrive - LP Industries\Documents\Limon\Projects\CompileOne\Temp\hello.exe C:\Users\User\OneDrive - LP Industries\Documents\Limon\Projects\CompileOne\examples\study\hello.cpp -g
2026-08-08 13:00:07,687 ERROR    compileone.orchestrator: native compile failed:
c:/mingw/bin/../lib/gcc/mingw32/6.3.0/../../../../mingw32/bin/ld.exe: cannot open output file C:\Users\User\OneDrive - LP Industries\Documents\Limon\Projects\CompileOne\Temp\hello.exe: Permission denied
collect2.exe: error: ld returned 1 exit status
2026-08-08 13:00:07,694 DEBUG    compileone.orchestrator: native compile: C:\MinGW\bin\g++.EXE -o C:\Users\User\OneDrive - LP Industries\Documents\Limon\Projects\CompileOne\Temp\hello.exe C:\Users\User\OneDrive - LP Industries\Documents\Limon\Projects\CompileOne\examples\study\hello.cpp -g
2026-08-08 13:00:08,314 ERROR    compileone.orchestrator: native compile failed:
c:/mingw/bin/../lib/gcc/mingw32/6.3.0/../../../../mingw32/bin/ld.exe: cannot open output file C:\Users\User\OneDrive - LP Industries\Documents\Limon\Projects\CompileOne\Temp\hello.exe: Permission denied
collect2.exe: error: ld returned 1 exit status
2026-08-08 13:00:08,324 DEBUG    compileone.orchestrator: native compile: C:\MinGW\bin\g++.EXE -o C:\Users\User\OneDrive - LP Industries\Documents\Limon\Projects\CompileOne\Temp\hello.exe C:\Users\User\OneDrive - LP Industries\Documents\Limon\Projects\CompileOne\examples\study\hello.cpp -g
2026-08-08 13:00:08,995 ERROR    compileone.orchestrator: native compile failed:
c:/mingw/bin/../lib/gcc/mingw32/6.3.0/../../../../mingw32/bin/ld.exe: cannot open output file C:\Users\User\OneDrive - LP Industries\Documents\Limon\Projects\CompileOne\Temp\hello.exe: Permission denied
collect2.exe: error: ld returned 1 exit status
2026-08-08 13:00:09,003 DEBUG    compileone.orchestrator: native compile: C:\MinGW\bin\g++.EXE -o C:\Users\User\OneDrive - LP Industries\Documents\Limon\Projects\CompileOne\Temp\hello.exe C:\Users\User\OneDrive - LP Industries\Documents\Limon\Projects\CompileOne\examples\study\hello.cpp -g
2026-08-08 13:00:09,719 ERROR    compileone.orchestrator: native compile failed:
c:/mingw/bin/../lib/gcc/mingw32/6.3.0/../../../../mingw32/bin/ld.exe: cannot open output file C:\Users\User\OneDrive - LP Industries\Documents\Limon\Projects\CompileOne\Temp\hello.exe: Permission denied
collect2.exe: error: ld returned 1 exit status
2026-08-08 13:00:19,109 DEBUG    compileone.backend: backend: C:\Users\User\OneDrive - LP Industries\Documents\Limon\Projects\CompileOne\build\compileone.exe lex --input C:\Users\User\OneDrive - LP Industries\Documents\Limon\Projects\CompileOne\examples\study\hello.cpp --output C:\Users\User\OneDrive - LP Industries\Documents\Limon\Projects\CompileOne\Temp\token_stream.json --language c++
2026-08-08 13:00:19,124 INFO     compileone.backend: backend[lex]: lex: 53 tokens, 0 errors, 0.00 ms -> C:\Users\User\OneDrive - LP Industries\Documents\Limon\Projects\CompileOne\Temp\token_stream.json
2026-08-08 13:00:19,182 DEBUG    compileone.store: artifact saved: C:\Users\User\OneDrive - LP Industries\Documents\Limon\Projects\CompileOne\Temp\token_stream.json
2026-08-08 13:00:19,184 INFO     compileone.orchestrator: compile_all: 1 phases run, 0 diagnostic(s)
2026-08-08 13:00:20,100 DEBUG    compileone.orchestrator: native compile: C:\MinGW\bin\g++.EXE -o C:\Users\User\OneDrive - LP Industries\Documents\Limon\Projects\CompileOne\Temp\hello.exe C:\Users\User\OneDrive - LP Industries\Documents\Limon\Projects\CompileOne\examples\study\hello.cpp -g
2026-08-08 13:00:20,764 ERROR    compileone.orchestrator: native compile failed:
c:/mingw/bin/../lib/gcc/mingw32/6.3.0/../../../../mingw32/bin/ld.exe: cannot open output file C:\Users\User\OneDrive - LP Industries\Documents\Limon\Projects\CompileOne\Temp\hello.exe: Permission denied
collect2.exe: error: ld returned 1 exit status
2026-08-08 13:00:20,771 DEBUG    compileone.orchestrator: native compile: C:\MinGW\bin\g++.EXE -o C:\Users\User\OneDrive - LP Industries\Documents\Limon\Projects\CompileOne\Temp\hello.exe C:\Users\User\OneDrive - LP Industries\Documents\Limon\Projects\CompileOne\examples\study\hello.cpp -g
2026-08-08 13:00:21,428 ERROR    compileone.orchestrator: native compile failed:
c:/mingw/bin/../lib/gcc/mingw32/6.3.0/../../../../mingw32/bin/ld.exe: cannot open output file C:\Users\User\OneDrive - LP Industries\Documents\Limon\Projects\CompileOne\Temp\hello.exe: Permission denied
collect2.exe: error: ld returned 1 exit status
2026-08-08 13:00:21,435 DEBUG    compileone.orchestrator: native compile: C:\MinGW\bin\g++.EXE -o C:\Users\User\OneDrive - LP Industries\Documents\Limon\Projects\CompileOne\Temp\hello.exe C:\Users\User\OneDrive - LP Industries\Documents\Limon\Projects\CompileOne\examples\study\hello.cpp -g
2026-08-08 13:00:21,976 ERROR    compileone.orchestrator: native compile failed:
c:/mingw/bin/../lib/gcc/mingw32/6.3.0/../../../../mingw32/bin/ld.exe: cannot open output file C:\Users\User\OneDrive - LP Industries\Documents\Limon\Projects\CompileOne\Temp\hello.exe: Permission denied
collect2.exe: error: ld returned 1 exit status
2026-08-08 13:00:21,981 DEBUG    compileone.backend: backend: C:\Users\User\OneDrive - LP Industries\Documents\Limon\Projects\CompileOne\build\compileone.exe lex --input C:\Users\User\OneDrive - LP Industries\Documents\Limon\Projects\CompileOne\examples\study\hello.cpp --output C:\Users\User\OneDrive - LP Industries\Documents\Limon\Projects\CompileOne\Temp\token_stream.json --language c++
2026-08-08 13:00:21,998 INFO     compileone.backend: backend[lex]: lex: 53 tokens, 0 errors, 0.00 ms -> C:\Users\User\OneDrive - LP Industries\Documents\Limon\Projects\CompileOne\Temp\token_stream.json
2026-08-08 13:00:22,057 DEBUG    compileone.store: artifact saved: C:\Users\User\OneDrive - LP Industries\Documents\Limon\Projects\CompileOne\Temp\token_stream.json
2026-08-08 13:00:22,058 INFO     compileone.orchestrator: compile_all: 1 phases run, 0 diagnostic(s)
2026-08-08 13:00:22,146 DEBUG    compileone.backend: backend: C:\Users\User\OneDrive - LP Industries\Documents\Limon\Projects\CompileOne\build\compileone.exe lex --input C:\Users\User\OneDrive - LP Industries\Documents\Limon\Projects\CompileOne\examples\study\hello.cpp --output C:\Users\User\OneDrive - LP Industries\Documents\Limon\Projects\CompileOne\Temp\token_stream.json --language c++
2026-08-08 13:00:22,161 INFO     compileone.backend: backend[lex]: lex: 53 tokens, 0 errors, 0.00 ms -> C:\Users\User\OneDrive - LP Industries\Documents\Limon\Projects\CompileOne\Temp\token_stream.json
2026-08-08 13:00:22,215 DEBUG    compileone.store: artifact saved: C:\Users\User\OneDrive - LP Industries\Documents\Limon\Projects\CompileOne\Temp\token_stream.json
2026-08-08 13:00:22,216 INFO     compileone.orchestrator: compile_all: 1 phases run, 0 diagnostic(s)
2026-08-08 13:00:22,593 DEBUG    compileone.backend: backend: C:\Users\User\OneDrive - LP Industries\Documents\Limon\Projects\CompileOne\build\compileone.exe lex --input C:\Users\User\OneDrive - LP Industries\Documents\Limon\Projects\CompileOne\examples\study\hello.cpp --output C:\Users\User\OneDrive - LP Industries\Documents\Limon\Projects\CompileOne\Temp\token_stream.json --language c++
2026-08-08 13:00:22,616 INFO     compileone.backend: backend[lex]: lex: 53 tokens, 0 errors, 0.00 ms -> C:\Users\User\OneDrive - LP Industries\Documents\Limon\Projects\CompileOne\Temp\token_stream.json
2026-08-08 13:00:22,674 DEBUG    compileone.store: artifact saved: C:\Users\User\OneDrive - LP Industries\Documents\Limon\Projects\CompileOne\Temp\token_stream.json
2026-08-08 13:00:22,676 INFO     compileone.orchestrator: compile_all: 1 phases run, 0 diagnostic(s)
2026-08-08 13:00:22,809 DEBUG    compileone.backend: backend: C:\Users\User\OneDrive - LP Industries\Documents\Limon\Projects\CompileOne\build\compileone.exe lex --input C:\Users\User\OneDrive - LP Industries\Documents\Limon\Projects\CompileOne\examples\study\hello.cpp --output C:\Users\User\OneDrive - LP Industries\Documents\Limon\Projects\CompileOne\Temp\token_stream.json --language c++
2026-08-08 13:00:22,825 INFO     compileone.backend: backend[lex]: lex: 53 tokens, 0 errors, 0.00 ms -> C:\Users\User\OneDrive - LP Industries\Documents\Limon\Projects\CompileOne\Temp\token_stream.json
2026-08-08 13:00:22,870 DEBUG    compileone.store: artifact saved: C:\Users\User\OneDrive - LP Industries\Documents\Limon\Projects\CompileOne\Temp\token_stream.json
2026-08-08 13:00:22,871 INFO     compileone.orchestrator: compile_all: 1 phases run, 0 diagnostic(s)
2026-08-08 13:00:23,001 DEBUG    compileone.backend: backend: C:\Users\User\OneDrive - LP Industries\Documents\Limon\Projects\CompileOne\build\compileone.exe lex --input C:\Users\User\OneDrive - LP Industries\Documents\Limon\Projects\CompileOne\examples\study\hello.cpp --output C:\Users\User\OneDrive - LP Industries\Documents\Limon\Projects\CompileOne\Temp\token_stream.json --language c++
2026-08-08 13:00:23,026 INFO     compileone.backend: backend[lex]: lex: 53 tokens, 0 errors, 0.00 ms -> C:\Users\User\OneDrive - LP Industries\Documents\Limon\Projects\CompileOne\Temp\token_stream.json
2026-08-08 13:00:23,084 DEBUG    compileone.store: artifact saved: C:\Users\User\OneDrive - LP Industries\Documents\Limon\Projects\CompileOne\Temp\token_stream.json
2026-08-08 13:00:23,085 INFO     compileone.orchestrator: compile_all: 1 phases run, 0 diagnostic(s)
2026-08-08 13:00:23,177 DEBUG    compileone.backend: backend: C:\Users\User\OneDrive - LP Industries\Documents\Limon\Projects\CompileOne\build\compileone.exe lex --input C:\Users\User\OneDrive - LP Industries\Documents\Limon\Projects\CompileOne\examples\study\hello.cpp --output C:\Users\User\OneDrive - LP Industries\Documents\Limon\Projects\CompileOne\Temp\token_stream.json --language c++
2026-08-08 13:00:23,209 INFO     compileone.backend: backend[lex]: lex: 53 tokens, 0 errors, 2.00 ms -> C:\Users\User\OneDrive - LP Industries\Documents\Limon\Projects\CompileOne\Temp\token_stream.json
2026-08-08 13:00:23,261 DEBUG    compileone.store: artifact saved: C:\Users\User\OneDrive - LP Industries\Documents\Limon\Projects\CompileOne\Temp\token_stream.json
2026-08-08 13:00:23,263 INFO     compileone.orchestrator: compile_all: 1 phases run, 0 diagnostic(s)
2026-08-08 13:00:23,369 DEBUG    compileone.backend: backend: C:\Users\User\OneDrive - LP Industries\Documents\Limon\Projects\CompileOne\build\compileone.exe lex --input C:\Users\User\OneDrive - LP Industries\Documents\Limon\Projects\CompileOne\examples\study\hello.cpp --output C:\Users\User\OneDrive - LP Industries\Documents\Limon\Projects\CompileOne\Temp\token_stream.json --language c++
2026-08-08 13:00:23,387 INFO     compileone.backend: backend[lex]: lex: 53 tokens, 0 errors, 0.00 ms -> C:\Users\User\OneDrive - LP Industries\Documents\Limon\Projects\CompileOne\Temp\token_stream.json
2026-08-08 13:00:23,450 DEBUG    compileone.store: artifact saved: C:\Users\User\OneDrive - LP Industries\Documents\Limon\Projects\CompileOne\Temp\token_stream.json
2026-08-08 13:00:23,452 INFO     compileone.orchestrator: compile_all: 1 phases run, 0 diagnostic(s)
2026-08-08 13:17:02,572 DEBUG    compileone.theme: applied stylesheet C:\Users\User\OneDrive - LP Industries\Documents\Limon\Projects\CompileOne\app\ui\theme\vs_dark.qss
2026-08-08 13:17:05,035 DEBUG    compileone.backend: backend: C:\Users\User\OneDrive - LP Industries\Documents\Limon\Projects\CompileOne\build\compileone.exe lex --input C:\Users\User\OneDrive - LP Industries\Documents\Limon\Projects\CompileOne\Temp\compileone_source.mc --output C:\Users\User\OneDrive - LP Industries\Documents\Limon\Projects\CompileOne\Temp\token_stream.json --language mini-c
2026-08-08 13:17:05,218 INFO     compileone.backend: backend[lex]: lex: 17 tokens, 0 errors, 10.00 ms -> C:\Users\User\OneDrive - LP Industries\Documents\Limon\Projects\CompileOne\Temp\token_stream.json
2026-08-08 13:17:05,275 DEBUG    compileone.store: artifact saved: C:\Users\User\OneDrive - LP Industries\Documents\Limon\Projects\CompileOne\Temp\token_stream.json
2026-08-08 13:17:05,277 DEBUG    compileone.backend: backend: C:\Users\User\OneDrive - LP Industries\Documents\Limon\Projects\CompileOne\build\compileone.exe parse --input C:\Users\User\OneDrive - LP Industries\Documents\Limon\Projects\CompileOne\Temp\token_stream.json --output C:\Users\User\OneDrive - LP Industries\Documents\Limon\Projects\CompileOne\Temp\parse_tree.json --language mini-c
2026-08-08 13:17:05,348 INFO     compileone.backend: backend[parse]: parse: 1 node(s), 0 errors, 45.00 ms -> C:\Users\User\OneDrive - LP Industries\Documents\Limon\Projects\CompileOne\Temp\parse_tree.json
2026-08-08 13:17:05,386 DEBUG    compileone.store: artifact saved: C:\Users\User\OneDrive - LP Industries\Documents\Limon\Projects\CompileOne\Temp\parse_tree.json
2026-08-08 13:17:05,387 DEBUG    compileone.backend: backend: C:\Users\User\OneDrive - LP Industries\Documents\Limon\Projects\CompileOne\build\compileone.exe ast --input C:\Users\User\OneDrive - LP Industries\Documents\Limon\Projects\CompileOne\Temp\token_stream.json --output C:\Users\User\OneDrive - LP Industries\Documents\Limon\Projects\CompileOne\Temp\ast.json --language mini-c
2026-08-08 13:17:05,424 INFO     compileone.backend: backend[ast]: ast: 0 error(s), 0.00 ms -> C:\Users\User\OneDrive - LP Industries\Documents\Limon\Projects\CompileOne\Temp\ast.json
2026-08-08 13:17:05,429 DEBUG    compileone.store: artifact saved: C:\Users\User\OneDrive - LP Industries\Documents\Limon\Projects\CompileOne\Temp\ast.json
2026-08-08 13:17:05,431 DEBUG    compileone.backend: backend: C:\Users\User\OneDrive - LP Industries\Documents\Limon\Projects\CompileOne\build\compileone.exe semantic --input C:\Users\User\OneDrive - LP Industries\Documents\Limon\Projects\CompileOne\Temp\token_stream.json --output C:\Users\User\OneDrive - LP Industries\Documents\Limon\Projects\CompileOne\Temp\semantic.json --language mini-c
2026-08-08 13:17:05,469 INFO     compileone.backend: backend[semantic]: semantic: valid=1 symbols=0 diagnostics=0, 2.00 ms -> C:\Users\User\OneDrive - LP Industries\Documents\Limon\Projects\CompileOne\Temp\semantic.json
2026-08-08 13:17:05,473 DEBUG    compileone.store: artifact saved: C:\Users\User\OneDrive - LP Industries\Documents\Limon\Projects\CompileOne\Temp\semantic.json
2026-08-08 13:17:05,474 DEBUG    compileone.backend: backend: C:\Users\User\OneDrive - LP Industries\Documents\Limon\Projects\CompileOne\build\compileone.exe run --input C:\Users\User\OneDrive - LP Industries\Documents\Limon\Projects\CompileOne\Temp\compileone_source.mc --output C:\Users\User\OneDrive - LP Industries\Documents\Limon\Projects\CompileOne\Temp\execution.json --language mini-c
2026-08-08 13:17:05,513 INFO     compileone.backend: backend[run]: run: status=ok exit=0 steps=2, 0.00 ms -> C:\Users\User\OneDrive - LP Industries\Documents\Limon\Projects\CompileOne\Temp\execution.json
2026-08-08 13:17:05,517 DEBUG    compileone.store: artifact saved: C:\Users\User\OneDrive - LP Industries\Documents\Limon\Projects\CompileOne\Temp\execution.json
2026-08-08 13:17:05,518 INFO     compileone.orchestrator: compile_all: 5 phases run, 0 diagnostic(s)
2026-08-08 13:17:05,906 DEBUG    compileone.backend: backend: C:\Users\User\OneDrive - LP Industries\Documents\Limon\Projects\CompileOne\build\compileone.exe lex --input C:\Users\User\OneDrive - LP Industries\Documents\Limon\Projects\CompileOne\Temp\compileone_source.mc --output C:\Users\User\OneDrive - LP Industries\Documents\Limon\Projects\CompileOne\Temp\token_stream.json --language mini-c
2026-08-08 13:17:05,941 INFO     compileone.backend: backend[lex]: lex: 17 tokens, 0 errors, 1.00 ms -> C:\Users\User\OneDrive - LP Industries\Documents\Limon\Projects\CompileOne\Temp\token_stream.json
2026-08-08 13:17:05,999 DEBUG    compileone.store: artifact saved: C:\Users\User\OneDrive - LP Industries\Documents\Limon\Projects\CompileOne\Temp\token_stream.json
2026-08-08 13:17:06,001 DEBUG    compileone.backend: backend: C:\Users\User\OneDrive - LP Industries\Documents\Limon\Projects\CompileOne\build\compileone.exe parse --input C:\Users\User\OneDrive - LP Industries\Documents\Limon\Projects\CompileOne\Temp\token_stream.json --output C:\Users\User\OneDrive - LP Industries\Documents\Limon\Projects\CompileOne\Temp\parse_tree.json --language mini-c
2026-08-08 13:17:06,065 INFO     compileone.backend: backend[parse]: parse: 1 node(s), 0 errors, 37.00 ms -> C:\Users\User\OneDrive - LP Industries\Documents\Limon\Projects\CompileOne\Temp\parse_tree.json
2026-08-08 13:17:06,121 DEBUG    compileone.store: artifact saved: C:\Users\User\OneDrive - LP Industries\Documents\Limon\Projects\CompileOne\Temp\parse_tree.json
2026-08-08 13:17:06,123 DEBUG    compileone.backend: backend: C:\Users\User\OneDrive - LP Industries\Documents\Limon\Projects\CompileOne\build\compileone.exe ast --input C:\Users\User\OneDrive - LP Industries\Documents\Limon\Projects\CompileOne\Temp\token_stream.json --output C:\Users\User\OneDrive - LP Industries\Documents\Limon\Projects\CompileOne\Temp\ast.json --language mini-c
2026-08-08 13:17:06,151 INFO     compileone.backend: backend[ast]: ast: 0 error(s), 1.00 ms -> C:\Users\User\OneDrive - LP Industries\Documents\Limon\Projects\CompileOne\Temp\ast.json
2026-08-08 13:17:06,156 DEBUG    compileone.store: artifact saved: C:\Users\User\OneDrive - LP Industries\Documents\Limon\Projects\CompileOne\Temp\ast.json
2026-08-08 13:17:06,157 DEBUG    compileone.backend: backend: C:\Users\User\OneDrive - LP Industries\Documents\Limon\Projects\CompileOne\build\compileone.exe semantic --input C:\Users\User\OneDrive - LP Industries\Documents\Limon\Projects\CompileOne\Temp\token_stream.json --output C:\Users\User\OneDrive - LP Industries\Documents\Limon\Projects\CompileOne\Temp\semantic.json --language mini-c
2026-08-08 13:17:06,184 INFO     compileone.backend: backend[semantic]: semantic: valid=1 symbols=0 diagnostics=0, 0.00 ms -> C:\Users\User\OneDrive - LP Industries\Documents\Limon\Projects\CompileOne\Temp\semantic.json
2026-08-08 13:17:06,188 DEBUG    compileone.store: artifact saved: C:\Users\User\OneDrive - LP Industries\Documents\Limon\Projects\CompileOne\Temp\semantic.json
2026-08-08 13:17:06,189 DEBUG    compileone.backend: backend: C:\Users\User\OneDrive - LP Industries\Documents\Limon\Projects\CompileOne\build\compileone.exe run --input C:\Users\User\OneDrive - LP Industries\Documents\Limon\Projects\CompileOne\Temp\compileone_source.mc --output C:\Users\User\OneDrive - LP Industries\Documents\Limon\Projects\CompileOne\Temp\execution.json --language mini-c
2026-08-08 13:17:06,216 INFO     compileone.backend: backend[run]: run: status=ok exit=0 steps=2, 0.00 ms -> C:\Users\User\OneDrive - LP Industries\Documents\Limon\Projects\CompileOne\Temp\execution.json
2026-08-08 13:17:06,218 DEBUG    compileone.store: artifact saved: C:\Users\User\OneDrive - LP Industries\Documents\Limon\Projects\CompileOne\Temp\execution.json
2026-08-08 13:17:06,219 INFO     compileone.orchestrator: compile_all: 5 phases run, 0 diagnostic(s)
2026-08-08 13:17:16,965 DEBUG    compileone.backend: backend: C:\Users\User\OneDrive - LP Industries\Documents\Limon\Projects\CompileOne\build\compileone.exe run --input C:\Users\User\OneDrive - LP Industries\Documents\Limon\Projects\CompileOne\Temp\compileone_source.mc --output C:\Users\User\OneDrive - LP Industries\Documents\Limon\Projects\CompileOne\Temp\execution.json --language mini-c
2026-08-08 13:17:16,984 INFO     compileone.backend: backend[run]: run: status=ok exit=0 steps=2, 3.00 ms -> C:\Users\User\OneDrive - LP Industries\Documents\Limon\Projects\CompileOne\Temp\execution.json
2026-08-08 13:17:16,985 INFO     compileone.orchestrator: execute: status=ok exit=0 steps=2
2026-08-08 13:17:21,868 DEBUG    compileone.backend: backend: C:\Users\User\OneDrive - LP Industries\Documents\Limon\Projects\CompileOne\build\compileone.exe lex --input C:\Users\User\OneDrive - LP Industries\Documents\Limon\Projects\CompileOne\Temp\compileone_source.mc --output C:\Users\User\OneDrive - LP Industries\Documents\Limon\Projects\CompileOne\Temp\token_stream.json --language mini-c
2026-08-08 13:17:21,888 INFO     compileone.backend: backend[lex]: lex: 17 tokens, 0 errors, 13.00 ms -> C:\Users\User\OneDrive - LP Industries\Documents\Limon\Projects\CompileOne\Temp\token_stream.json
2026-08-08 13:17:21,942 DEBUG    compileone.store: artifact saved: C:\Users\User\OneDrive - LP Industries\Documents\Limon\Projects\CompileOne\Temp\token_stream.json
2026-08-08 13:17:21,944 DEBUG    compileone.backend: backend: C:\Users\User\OneDrive - LP Industries\Documents\Limon\Projects\CompileOne\build\compileone.exe parse --input C:\Users\User\OneDrive - LP Industries\Documents\Limon\Projects\CompileOne\Temp\token_stream.json --output C:\Users\User\OneDrive - LP Industries\Documents\Limon\Projects\CompileOne\Temp\parse_tree.json --language mini-c
2026-08-08 13:17:22,021 INFO     compileone.backend: backend[parse]: parse: 1 node(s), 0 errors, 51.00 ms -> C:\Users\User\OneDrive - LP Industries\Documents\Limon\Projects\CompileOne\Temp\parse_tree.json
2026-08-08 13:17:22,064 DEBUG    compileone.store: artifact saved: C:\Users\User\OneDrive - LP Industries\Documents\Limon\Projects\CompileOne\Temp\parse_tree.json
2026-08-08 13:17:22,065 DEBUG    compileone.backend: backend: C:\Users\User\OneDrive - LP Industries\Documents\Limon\Projects\CompileOne\build\compileone.exe ast --input C:\Users\User\OneDrive - LP Industries\Documents\Limon\Projects\CompileOne\Temp\token_stream.json --output C:\Users\User\OneDrive - LP Industries\Documents\Limon\Projects\CompileOne\Temp\ast.json --language mini-c
2026-08-08 13:17:22,093 INFO     compileone.backend: backend[ast]: ast: 0 error(s), 0.00 ms -> C:\Users\User\OneDrive - LP Industries\Documents\Limon\Projects\CompileOne\Temp\ast.json
2026-08-08 13:17:22,099 DEBUG    compileone.store: artifact saved: C:\Users\User\OneDrive - LP Industries\Documents\Limon\Projects\CompileOne\Temp\ast.json
2026-08-08 13:17:22,100 DEBUG    compileone.backend: backend: C:\Users\User\OneDrive - LP Industries\Documents\Limon\Projects\CompileOne\build\compileone.exe semantic --input C:\Users\User\OneDrive - LP Industries\Documents\Limon\Projects\CompileOne\Temp\token_stream.json --output C:\Users\User\OneDrive - LP Industries\Documents\Limon\Projects\CompileOne\Temp\semantic.json --language mini-c
2026-08-08 13:17:22,131 INFO     compileone.backend: backend[semantic]: semantic: valid=1 symbols=0 diagnostics=0, 0.00 ms -> C:\Users\User\OneDrive - LP Industries\Documents\Limon\Projects\CompileOne\Temp\semantic.json
2026-08-08 13:17:22,136 DEBUG    compileone.store: artifact saved: C:\Users\User\OneDrive - LP Industries\Documents\Limon\Projects\CompileOne\Temp\semantic.json
2026-08-08 13:17:22,137 DEBUG    compileone.backend: backend: C:\Users\User\OneDrive - LP Industries\Documents\Limon\Projects\CompileOne\build\compileone.exe run --input C:\Users\User\OneDrive - LP Industries\Documents\Limon\Projects\CompileOne\Temp\compileone_source.mc --output C:\Users\User\OneDrive - LP Industries\Documents\Limon\Projects\CompileOne\Temp\execution.json --language mini-c
2026-08-08 13:17:22,165 INFO     compileone.backend: backend[run]: run: status=ok exit=0 steps=2, 0.00 ms -> C:\Users\User\OneDrive - LP Industries\Documents\Limon\Projects\CompileOne\Temp\execution.json
2026-08-08 13:17:22,169 DEBUG    compileone.store: artifact saved: C:\Users\User\OneDrive - LP Industries\Documents\Limon\Projects\CompileOne\Temp\execution.json
2026-08-08 13:17:22,171 INFO     compileone.orchestrator: compile_all: 5 phases run, 0 diagnostic(s)
2026-08-08 13:17:35,779 DEBUG    compileone.backend: backend: C:\Users\User\OneDrive - LP Industries\Documents\Limon\Projects\CompileOne\build\compileone.exe lex --input C:\Users\User\OneDrive - LP Industries\Documents\Limon\Projects\CompileOne\Temp\compileone_source.c --output C:\Users\User\OneDrive - LP Industries\Documents\Limon\Projects\CompileOne\Temp\token_stream.json --language c
2026-08-08 13:17:35,799 INFO     compileone.backend: backend[lex]: lex: 69 tokens, 0 errors, 0.00 ms -> C:\Users\User\OneDrive - LP Industries\Documents\Limon\Projects\CompileOne\Temp\token_stream.json
2026-08-08 13:17:35,847 DEBUG    compileone.store: artifact saved: C:\Users\User\OneDrive - LP Industries\Documents\Limon\Projects\CompileOne\Temp\token_stream.json
2026-08-08 13:17:35,849 INFO     compileone.orchestrator: compile_all: 1 phases run, 0 diagnostic(s)
2026-08-08 13:17:36,379 DEBUG    compileone.backend: backend: C:\Users\User\OneDrive - LP Industries\Documents\Limon\Projects\CompileOne\build\compileone.exe lex --input C:\Users\User\OneDrive - LP Industries\Documents\Limon\Projects\CompileOne\Temp\compileone_source.c --output C:\Users\User\OneDrive - LP Industries\Documents\Limon\Projects\CompileOne\Temp\token_stream.json --language c
2026-08-08 13:17:36,422 INFO     compileone.backend: backend[lex]: lex: 69 tokens, 0 errors, 17.00 ms -> C:\Users\User\OneDrive - LP Industries\Documents\Limon\Projects\CompileOne\Temp\token_stream.json
2026-08-08 13:17:36,472 DEBUG    compileone.store: artifact saved: C:\Users\User\OneDrive - LP Industries\Documents\Limon\Projects\CompileOne\Temp\token_stream.json
2026-08-08 13:17:36,474 INFO     compileone.orchestrator: compile_all: 1 phases run, 0 diagnostic(s)
2026-08-08 13:17:39,126 DEBUG    compileone.orchestrator: native compile: C:\MinGW\bin\gcc.EXE -o C:\Users\User\OneDrive - LP Industries\Documents\Limon\Projects\CompileOne\Temp\compileone_source.exe C:\Users\User\OneDrive - LP Industries\Documents\Limon\Projects\CompileOne\Temp\compileone_source.c -g
2026-08-08 13:17:48,697 DEBUG    compileone.backend: backend: C:\Users\User\OneDrive - LP Industries\Documents\Limon\Projects\CompileOne\build\compileone.exe lex --input C:\Users\User\OneDrive - LP Industries\Documents\Limon\Projects\CompileOne\Temp\compileone_source.c --output C:\Users\User\OneDrive - LP Industries\Documents\Limon\Projects\CompileOne\Temp\token_stream.json --language c
2026-08-08 13:17:48,773 INFO     compileone.backend: backend[lex]: lex: 161 tokens, 0 errors, 48.00 ms -> C:\Users\User\OneDrive - LP Industries\Documents\Limon\Projects\CompileOne\Temp\token_stream.json
2026-08-08 13:17:48,826 DEBUG    compileone.store: artifact saved: C:\Users\User\OneDrive - LP Industries\Documents\Limon\Projects\CompileOne\Temp\token_stream.json
2026-08-08 13:17:48,829 INFO     compileone.orchestrator: compile_all: 1 phases run, 0 diagnostic(s)
2026-08-08 13:17:53,203 DEBUG    compileone.orchestrator: native compile: C:\MinGW\bin\gcc.EXE -o C:\Users\User\OneDrive - LP Industries\Documents\Limon\Projects\CompileOne\Temp\compileone_source.exe C:\Users\User\OneDrive - LP Industries\Documents\Limon\Projects\CompileOne\Temp\compileone_source.c -g
2026-08-08 13:17:53,353 ERROR    compileone.orchestrator: native compile failed:
C:\Users\User\OneDrive - LP Industries\Documents\Limon\Projects\CompileOne\Temp\compileone_source.c:1:20: fatal error: iostream: No such file or directory
 #include <iostream>
                    ^
compilation terminated.
2026-08-08 13:18:05,872 DEBUG    compileone.orchestrator: native compile: C:\MinGW\bin\gcc.EXE -o C:\Users\User\OneDrive - LP Industries\Documents\Limon\Projects\CompileOne\Temp\compileone_source.exe C:\Users\User\OneDrive - LP Industries\Documents\Limon\Projects\CompileOne\Temp\compileone_source.c -g
2026-08-08 13:18:06,010 ERROR    compileone.orchestrator: native compile failed:
C:\Users\User\OneDrive - LP Industries\Documents\Limon\Projects\CompileOne\Temp\compileone_source.c:1:20: fatal error: iostream: No such file or directory
 #include <iostream>
                    ^
compilation terminated.
2026-08-08 13:18:07,022 DEBUG    compileone.backend: backend: C:\Users\User\OneDrive - LP Industries\Documents\Limon\Projects\CompileOne\build\compileone.exe lex --input C:\Users\User\OneDrive - LP Industries\Documents\Limon\Projects\CompileOne\Temp\compileone_source.c --output C:\Users\User\OneDrive - LP Industries\Documents\Limon\Projects\CompileOne\Temp\token_stream.json --language c
2026-08-08 13:18:07,041 INFO     compileone.backend: backend[lex]: lex: 161 tokens, 0 errors, 0.00 ms -> C:\Users\User\OneDrive - LP Industries\Documents\Limon\Projects\CompileOne\Temp\token_stream.json
2026-08-08 13:18:07,099 DEBUG    compileone.store: artifact saved: C:\Users\User\OneDrive - LP Industries\Documents\Limon\Projects\CompileOne\Temp\token_stream.json
2026-08-08 13:18:07,102 INFO     compileone.orchestrator: compile_all: 1 phases run, 0 diagnostic(s)
2026-08-08 13:18:16,311 DEBUG    compileone.backend: backend: C:\Users\User\OneDrive - LP Industries\Documents\Limon\Projects\CompileOne\build\compileone.exe lex --input C:\Users\User\OneDrive - LP Industries\Documents\Limon\Projects\CompileOne\Temp\compileone_source.cpp --output C:\Users\User\OneDrive - LP Industries\Documents\Limon\Projects\CompileOne\Temp\token_stream.json --language c++
2026-08-08 13:18:16,334 INFO     compileone.backend: backend[lex]: lex: 84 tokens, 0 errors, 1.00 ms -> C:\Users\User\OneDrive - LP Industries\Documents\Limon\Projects\CompileOne\Temp\token_stream.json
2026-08-08 13:18:16,359 DEBUG    compileone.store: artifact saved: C:\Users\User\OneDrive - LP Industries\Documents\Limon\Projects\CompileOne\Temp\token_stream.json
2026-08-08 13:18:16,361 INFO     compileone.orchestrator: compile_all: 1 phases run, 0 diagnostic(s)
2026-08-08 13:18:16,912 DEBUG    compileone.backend: backend: C:\Users\User\OneDrive - LP Industries\Documents\Limon\Projects\CompileOne\build\compileone.exe lex --input C:\Users\User\OneDrive - LP Industries\Documents\Limon\Projects\CompileOne\Temp\compileone_source.cpp --output C:\Users\User\OneDrive - LP Industries\Documents\Limon\Projects\CompileOne\Temp\token_stream.json --language c++
2026-08-08 13:18:16,940 INFO     compileone.backend: backend[lex]: lex: 84 tokens, 0 errors, 4.00 ms -> C:\Users\User\OneDrive - LP Industries\Documents\Limon\Projects\CompileOne\Temp\token_stream.json
2026-08-08 13:18:16,992 DEBUG    compileone.store: artifact saved: C:\Users\User\OneDrive - LP Industries\Documents\Limon\Projects\CompileOne\Temp\token_stream.json
2026-08-08 13:18:16,995 INFO     compileone.orchestrator: compile_all: 1 phases run, 0 diagnostic(s)
2026-08-08 13:18:18,915 DEBUG    compileone.backend: backend: C:\Users\User\OneDrive - LP Industries\Documents\Limon\Projects\CompileOne\build\compileone.exe lex --input C:\Users\User\OneDrive - LP Industries\Documents\Limon\Projects\CompileOne\Temp\compileone_source.cpp --output C:\Users\User\OneDrive - LP Industries\Documents\Limon\Projects\CompileOne\Temp\token_stream.json --language c++
2026-08-08 13:18:18,947 INFO     compileone.backend: backend[lex]: lex: 161 tokens, 0 errors, 1.00 ms -> C:\Users\User\OneDrive - LP Industries\Documents\Limon\Projects\CompileOne\Temp\token_stream.json
2026-08-08 13:18:19,006 DEBUG    compileone.store: artifact saved: C:\Users\User\OneDrive - LP Industries\Documents\Limon\Projects\CompileOne\Temp\token_stream.json
2026-08-08 13:18:19,010 INFO     compileone.orchestrator: compile_all: 1 phases run, 0 diagnostic(s)
2026-08-08 13:18:19,607 DEBUG    compileone.orchestrator: native compile: C:\MinGW\bin\g++.EXE -o C:\Users\User\OneDrive - LP Industries\Documents\Limon\Projects\CompileOne\Temp\compileone_source.exe C:\Users\User\OneDrive - LP Industries\Documents\Limon\Projects\CompileOne\Temp\compileone_source.cpp -g
2026-08-08 13:19:05,648 DEBUG    compileone.backend: backend: C:\Users\User\OneDrive - LP Industries\Documents\Limon\Projects\CompileOne\build\compileone.exe lex --input C:\Users\User\OneDrive - LP Industries\Documents\Limon\Projects\CompileOne\Temp\compileone_source.java --output C:\Users\User\OneDrive - LP Industries\Documents\Limon\Projects\CompileOne\Temp\token_stream.json --language java
2026-08-08 13:19:05,675 INFO     compileone.backend: backend[lex]: lex: 88 tokens, 0 errors, 3.00 ms -> C:\Users\User\OneDrive - LP Industries\Documents\Limon\Projects\CompileOne\Temp\token_stream.json
2026-08-08 13:19:05,726 DEBUG    compileone.store: artifact saved: C:\Users\User\OneDrive - LP Industries\Documents\Limon\Projects\CompileOne\Temp\token_stream.json
2026-08-08 13:19:05,729 INFO     compileone.orchestrator: compile_all: 1 phases run, 0 diagnostic(s)
2026-08-08 13:19:06,254 DEBUG    compileone.backend: backend: C:\Users\User\OneDrive - LP Industries\Documents\Limon\Projects\CompileOne\build\compileone.exe lex --input C:\Users\User\OneDrive - LP Industries\Documents\Limon\Projects\CompileOne\Temp\compileone_source.java --output C:\Users\User\OneDrive - LP Industries\Documents\Limon\Projects\CompileOne\Temp\token_stream.json --language java
2026-08-08 13:19:06,285 INFO     compileone.backend: backend[lex]: lex: 88 tokens, 0 errors, 4.00 ms -> C:\Users\User\OneDrive - LP Industries\Documents\Limon\Projects\CompileOne\Temp\token_stream.json
2026-08-08 13:19:06,344 DEBUG    compileone.store: artifact saved: C:\Users\User\OneDrive - LP Industries\Documents\Limon\Projects\CompileOne\Temp\token_stream.json
2026-08-08 13:19:06,346 INFO     compileone.orchestrator: compile_all: 1 phases run, 0 diagnostic(s)
2026-08-08 13:19:12,356 DEBUG    compileone.backend: backend: C:\Users\User\OneDrive - LP Industries\Documents\Limon\Projects\CompileOne\build\compileone.exe lex --input C:\Users\User\OneDrive - LP Industries\Documents\Limon\Projects\CompileOne\Temp\compileone_source.java --output C:\Users\User\OneDrive - LP Industries\Documents\Limon\Projects\CompileOne\Temp\token_stream.json --language java
2026-08-08 13:19:12,373 INFO     compileone.backend: backend[lex]: lex: 88 tokens, 0 errors, 0.00 ms -> C:\Users\User\OneDrive - LP Industries\Documents\Limon\Projects\CompileOne\Temp\token_stream.json
2026-08-08 13:19:12,439 DEBUG    compileone.store: artifact saved: C:\Users\User\OneDrive - LP Industries\Documents\Limon\Projects\CompileOne\Temp\token_stream.json
2026-08-08 13:19:12,441 INFO     compileone.orchestrator: compile_all: 1 phases run, 0 diagnostic(s)
2026-08-08 13:31:16,501 DEBUG    compileone.backend: backend: C:\Users\User\OneDrive - LP Industries\Documents\Limon\Projects\CompileOne\build\compileone.exe lex --input C:\Users\User\OneDrive - LP Industries\Documents\Limon\Projects\CompileOne\Temp\compileone_source.cpp --output C:\Users\User\OneDrive - LP Industries\Documents\Limon\Projects\CompileOne\Temp\token_stream.json --language c++
2026-08-08 13:31:16,565 INFO     compileone.backend: backend[lex]: lex: 84 tokens, 0 errors, 4.00 ms -> C:\Users\User\OneDrive - LP Industries\Documents\Limon\Projects\CompileOne\Temp\token_stream.json
2026-08-08 13:31:16,609 DEBUG    compileone.store: artifact saved: C:\Users\User\OneDrive - LP Industries\Documents\Limon\Projects\CompileOne\Temp\token_stream.json
2026-08-08 13:31:16,611 INFO     compileone.orchestrator: compile_all: 1 phases run, 0 diagnostic(s)
2026-08-08 13:31:17,100 DEBUG    compileone.backend: backend: C:\Users\User\OneDrive - LP Industries\Documents\Limon\Projects\CompileOne\build\compileone.exe lex --input C:\Users\User\OneDrive - LP Industries\Documents\Limon\Projects\CompileOne\Temp\compileone_source.cpp --output C:\Users\User\OneDrive - LP Industries\Documents\Limon\Projects\CompileOne\Temp\token_stream.json --language c++
2026-08-08 13:31:17,139 INFO     compileone.backend: backend[lex]: lex: 84 tokens, 0 errors, 6.00 ms -> C:\Users\User\OneDrive - LP Industries\Documents\Limon\Projects\CompileOne\Temp\token_stream.json
2026-08-08 13:31:17,195 DEBUG    compileone.store: artifact saved: C:\Users\User\OneDrive - LP Industries\Documents\Limon\Projects\CompileOne\Temp\token_stream.json
2026-08-08 13:31:17,198 INFO     compileone.orchestrator: compile_all: 1 phases run, 0 diagnostic(s)
2026-08-08 13:31:18,786 DEBUG    compileone.orchestrator: native compile: C:\MinGW\bin\g++.EXE -o C:\Users\User\OneDrive - LP Industries\Documents\Limon\Projects\CompileOne\Temp\compileone_source.exe C:\Users\User\OneDrive - LP Industries\Documents\Limon\Projects\CompileOne\Temp\compileone_source.cpp -g
2026-08-08 13:31:20,191 DEBUG    compileone.orchestrator: native compile: C:\MinGW\bin\g++.EXE -o C:\Users\User\OneDrive - LP Industries\Documents\Limon\Projects\CompileOne\Temp\compileone_source.exe C:\Users\User\OneDrive - LP Industries\Documents\Limon\Projects\CompileOne\Temp\compileone_source.cpp -g
2026-08-08 13:31:20,967 WARNING  compileone.backend: An interactive process is already running. Cannot start another.
2026-08-08 13:31:20,972 DEBUG    compileone.orchestrator: native compile: C:\MinGW\bin\g++.EXE -o C:\Users\User\OneDrive - LP Industries\Documents\Limon\Projects\CompileOne\Temp\compileone_source.exe C:\Users\User\OneDrive - LP Industries\Documents\Limon\Projects\CompileOne\Temp\compileone_source.cpp -g
2026-08-08 13:31:21,639 WARNING  compileone.backend: An interactive process is already running. Cannot start another.
2026-08-08 13:31:23,522 DEBUG    compileone.backend: backend: C:\Users\User\OneDrive - LP Industries\Documents\Limon\Projects\CompileOne\build\compileone.exe lex --input C:\Users\User\OneDrive - LP Industries\Documents\Limon\Projects\CompileOne\Temp\compileone_source.cpp --output C:\Users\User\OneDrive - LP Industries\Documents\Limon\Projects\CompileOne\Temp\token_stream.json --language c++
2026-08-08 13:31:23,542 INFO     compileone.backend: backend[lex]: lex: 84 tokens, 0 errors, 2.00 ms -> C:\Users\User\OneDrive - LP Industries\Documents\Limon\Projects\CompileOne\Temp\token_stream.json
2026-08-08 13:31:23,603 DEBUG    compileone.store: artifact saved: C:\Users\User\OneDrive - LP Industries\Documents\Limon\Projects\CompileOne\Temp\token_stream.json
2026-08-08 13:31:23,605 INFO     compileone.orchestrator: compile_all: 1 phases run, 0 diagnostic(s)
2026-08-08 13:31:25,296 DEBUG    compileone.backend: backend: C:\Users\User\OneDrive - LP Industries\Documents\Limon\Projects\CompileOne\build\compileone.exe lex --input C:\Users\User\OneDrive - LP Industries\Documents\Limon\Projects\CompileOne\Temp\compileone_source.cpp --output C:\Users\User\OneDrive - LP Industries\Documents\Limon\Projects\CompileOne\Temp\token_stream.json --language c++
2026-08-08 13:31:25,318 INFO     compileone.backend: backend[lex]: lex: 84 tokens, 0 errors, 1.00 ms -> C:\Users\User\OneDrive - LP Industries\Documents\Limon\Projects\CompileOne\Temp\token_stream.json
2026-08-08 13:31:25,371 DEBUG    compileone.store: artifact saved: C:\Users\User\OneDrive - LP Industries\Documents\Limon\Projects\CompileOne\Temp\token_stream.json
2026-08-08 13:31:25,372 INFO     compileone.orchestrator: compile_all: 1 phases run, 0 diagnostic(s)
2026-08-08 13:31:25,497 DEBUG    compileone.backend: backend: C:\Users\User\OneDrive - LP Industries\Documents\Limon\Projects\CompileOne\build\compileone.exe lex --input C:\Users\User\OneDrive - LP Industries\Documents\Limon\Projects\CompileOne\Temp\compileone_source.cpp --output C:\Users\User\OneDrive - LP Industries\Documents\Limon\Projects\CompileOne\Temp\token_stream.json --language c++
2026-08-08 13:31:25,519 INFO     compileone.backend: backend[lex]: lex: 84 tokens, 0 errors, 0.00 ms -> C:\Users\User\OneDrive - LP Industries\Documents\Limon\Projects\CompileOne\Temp\token_stream.json
2026-08-08 13:31:25,588 DEBUG    compileone.store: artifact saved: C:\Users\User\OneDrive - LP Industries\Documents\Limon\Projects\CompileOne\Temp\token_stream.json
2026-08-08 13:31:25,590 INFO     compileone.orchestrator: compile_all: 1 phases run, 0 diagnostic(s)
2026-08-08 14:41:12,676 DEBUG    compileone.theme: applied stylesheet C:\Users\User\OneDrive - LP Industries\Documents\Limon\Projects\CompileOne\app\ui\theme\vs_dark.qss
2026-08-08 14:41:14,857 DEBUG    compileone.backend: backend: C:\Users\User\OneDrive - LP Industries\Documents\Limon\Projects\CompileOne\build\compileone.exe lex --input C:\Users\User\OneDrive - LP Industries\Documents\Limon\Projects\CompileOne\Temp\compileone_source.mc --output C:\Users\User\OneDrive - LP Industries\Documents\Limon\Projects\CompileOne\Temp\token_stream.json --language mini-c
2026-08-08 14:41:14,934 INFO     compileone.backend: backend[lex]: lex: 17 tokens, 0 errors, 0.00 ms -> C:\Users\User\OneDrive - LP Industries\Documents\Limon\Projects\CompileOne\Temp\token_stream.json
2026-08-08 14:41:14,956 DEBUG    compileone.store: artifact saved: C:\Users\User\OneDrive - LP Industries\Documents\Limon\Projects\CompileOne\Temp\token_stream.json
2026-08-08 14:41:14,958 DEBUG    compileone.backend: backend: C:\Users\User\OneDrive - LP Industries\Documents\Limon\Projects\CompileOne\build\compileone.exe parse --input C:\Users\User\OneDrive - LP Industries\Documents\Limon\Projects\CompileOne\Temp\token_stream.json --output C:\Users\User\OneDrive - LP Industries\Documents\Limon\Projects\CompileOne\Temp\parse_tree.json --language mini-c
2026-08-08 14:41:14,984 INFO     compileone.backend: backend[parse]: parse: 1 node(s), 0 errors, 15.00 ms -> C:\Users\User\OneDrive - LP Industries\Documents\Limon\Projects\CompileOne\Temp\parse_tree.json
2026-08-08 14:41:15,006 DEBUG    compileone.store: artifact saved: C:\Users\User\OneDrive - LP Industries\Documents\Limon\Projects\CompileOne\Temp\parse_tree.json
2026-08-08 14:41:15,006 DEBUG    compileone.backend: backend: C:\Users\User\OneDrive - LP Industries\Documents\Limon\Projects\CompileOne\build\compileone.exe ast --input C:\Users\User\OneDrive - LP Industries\Documents\Limon\Projects\CompileOne\Temp\token_stream.json --output C:\Users\User\OneDrive - LP Industries\Documents\Limon\Projects\CompileOne\Temp\ast.json --language mini-c
2026-08-08 14:41:15,020 INFO     compileone.backend: backend[ast]: ast: 0 error(s), 0.00 ms -> C:\Users\User\OneDrive - LP Industries\Documents\Limon\Projects\CompileOne\Temp\ast.json
2026-08-08 14:41:15,037 DEBUG    compileone.store: artifact saved: C:\Users\User\OneDrive - LP Industries\Documents\Limon\Projects\CompileOne\Temp\ast.json
2026-08-08 14:41:15,038 DEBUG    compileone.backend: backend: C:\Users\User\OneDrive - LP Industries\Documents\Limon\Projects\CompileOne\build\compileone.exe semantic --input C:\Users\User\OneDrive - LP Industries\Documents\Limon\Projects\CompileOne\Temp\token_stream.json --output C:\Users\User\OneDrive - LP Industries\Documents\Limon\Projects\CompileOne\Temp\semantic.json --language mini-c
2026-08-08 14:41:15,054 INFO     compileone.backend: backend[semantic]: semantic: valid=1 symbols=0 diagnostics=0, 1.00 ms -> C:\Users\User\OneDrive - LP Industries\Documents\Limon\Projects\CompileOne\Temp\semantic.json
2026-08-08 14:41:15,057 DEBUG    compileone.store: artifact saved: C:\Users\User\OneDrive - LP Industries\Documents\Limon\Projects\CompileOne\Temp\semantic.json
2026-08-08 14:41:15,058 DEBUG    compileone.backend: backend: C:\Users\User\OneDrive - LP Industries\Documents\Limon\Projects\CompileOne\build\compileone.exe ir --input C:\Users\User\OneDrive - LP Industries\Documents\Limon\Projects\CompileOne\Temp\token_stream.json --output C:\Users\User\OneDrive - LP Industries\Documents\Limon\Projects\CompileOne\Temp\ir.json --language mini-c
2026-08-08 14:41:15,071 INFO     compileone.backend: backend[ir]: ir: 6 quad(s), 0.00 ms -> C:\Users\User\OneDrive - LP Industries\Documents\Limon\Projects\CompileOne\Temp\ir.json
2026-08-08 14:41:15,096 DEBUG    compileone.store: artifact saved: C:\Users\User\OneDrive - LP Industries\Documents\Limon\Projects\CompileOne\Temp\ir.json
2026-08-08 14:41:15,097 DEBUG    compileone.backend: backend: C:\Users\User\OneDrive - LP Industries\Documents\Limon\Projects\CompileOne\build\compileone.exe opt --input C:\Users\User\OneDrive - LP Industries\Documents\Limon\Projects\CompileOne\Temp\token_stream.json --output C:\Users\User\OneDrive - LP Industries\Documents\Limon\Projects\CompileOne\Temp\optimization.json --language mini-c
2026-08-08 14:41:15,111 INFO     compileone.backend: backend[opt]: opt: 6 -> 6 instructions (0.0% reduction), 0.00 ms -> C:\Users\User\OneDrive - LP Industries\Documents\Limon\Projects\CompileOne\Temp\optimization.json
2026-08-08 14:41:15,113 DEBUG    compileone.store: artifact saved: C:\Users\User\OneDrive - LP Industries\Documents\Limon\Projects\CompileOne\Temp\optimization.json
2026-08-08 14:41:15,113 DEBUG    compileone.backend: backend: C:\Users\User\OneDrive - LP Industries\Documents\Limon\Projects\CompileOne\build\compileone.exe codegen --input C:\Users\User\OneDrive - LP Industries\Documents\Limon\Projects\CompileOne\Temp\token_stream.json --output C:\Users\User\OneDrive - LP Industries\Documents\Limon\Projects\CompileOne\Temp\assembly.json --language mini-c
2026-08-08 14:41:15,132 INFO     compileone.backend: backend[codegen]: codegen: 24 instruction(s), stack 16 bytes, 0.00 ms -> C:\Users\User\OneDrive - LP Industries\Documents\Limon\Projects\CompileOne\Temp\assembly.json
2026-08-08 14:41:15,147 DEBUG    compileone.store: artifact saved: C:\Users\User\OneDrive - LP Industries\Documents\Limon\Projects\CompileOne\Temp\assembly.json
2026-08-08 14:41:15,148 DEBUG    compileone.backend: backend: C:\Users\User\OneDrive - LP Industries\Documents\Limon\Projects\CompileOne\build\compileone.exe run --input C:\Users\User\OneDrive - LP Industries\Documents\Limon\Projects\CompileOne\Temp\compileone_source.mc --output C:\Users\User\OneDrive - LP Industries\Documents\Limon\Projects\CompileOne\Temp\execution.json --language mini-c
2026-08-08 14:41:15,169 INFO     compileone.backend: backend[run]: run: status=ok exit=0 steps=2, 0.00 ms -> C:\Users\User\OneDrive - LP Industries\Documents\Limon\Projects\CompileOne\Temp\execution.json
2026-08-08 14:41:15,182 DEBUG    compileone.store: artifact saved: C:\Users\User\OneDrive - LP Industries\Documents\Limon\Projects\CompileOne\Temp\execution.json
2026-08-08 14:41:15,183 INFO     compileone.orchestrator: compile_all: 8 phases run, 0 diagnostic(s)
2026-08-08 14:41:15,456 DEBUG    compileone.backend: backend: C:\Users\User\OneDrive - LP Industries\Documents\Limon\Projects\CompileOne\build\compileone.exe lex --input C:\Users\User\OneDrive - LP Industries\Documents\Limon\Projects\CompileOne\Temp\compileone_source.mc --output C:\Users\User\OneDrive - LP Industries\Documents\Limon\Projects\CompileOne\Temp\token_stream.json --language mini-c
2026-08-08 14:41:15,473 INFO     compileone.backend: backend[lex]: lex: 17 tokens, 0 errors, 0.00 ms -> C:\Users\User\OneDrive - LP Industries\Documents\Limon\Projects\CompileOne\Temp\token_stream.json
2026-08-08 14:41:15,476 DEBUG    compileone.store: artifact saved: C:\Users\User\OneDrive - LP Industries\Documents\Limon\Projects\CompileOne\Temp\token_stream.json
2026-08-08 14:41:15,477 DEBUG    compileone.backend: backend: C:\Users\User\OneDrive - LP Industries\Documents\Limon\Projects\CompileOne\build\compileone.exe parse --input C:\Users\User\OneDrive - LP Industries\Documents\Limon\Projects\CompileOne\Temp\token_stream.json --output C:\Users\User\OneDrive - LP Industries\Documents\Limon\Projects\CompileOne\Temp\parse_tree.json --language mini-c
2026-08-08 14:41:15,493 INFO     compileone.backend: backend[parse]: parse: 1 node(s), 0 errors, 2.00 ms -> C:\Users\User\OneDrive - LP Industries\Documents\Limon\Projects\CompileOne\Temp\parse_tree.json
2026-08-08 14:41:15,512 DEBUG    compileone.store: artifact saved: C:\Users\User\OneDrive - LP Industries\Documents\Limon\Projects\CompileOne\Temp\parse_tree.json
2026-08-08 14:41:15,513 DEBUG    compileone.backend: backend: C:\Users\User\OneDrive - LP Industries\Documents\Limon\Projects\CompileOne\build\compileone.exe ast --input C:\Users\User\OneDrive - LP Industries\Documents\Limon\Projects\CompileOne\Temp\token_stream.json --output C:\Users\User\OneDrive - LP Industries\Documents\Limon\Projects\CompileOne\Temp\ast.json --language mini-c
2026-08-08 14:41:15,526 INFO     compileone.backend: backend[ast]: ast: 0 error(s), 1.00 ms -> C:\Users\User\OneDrive - LP Industries\Documents\Limon\Projects\CompileOne\Temp\ast.json
2026-08-08 14:41:15,529 DEBUG    compileone.store: artifact saved: C:\Users\User\OneDrive - LP Industries\Documents\Limon\Projects\CompileOne\Temp\ast.json
2026-08-08 14:41:15,547 DEBUG    compileone.backend: backend: C:\Users\User\OneDrive - LP Industries\Documents\Limon\Projects\CompileOne\build\compileone.exe semantic --input C:\Users\User\OneDrive - LP Industries\Documents\Limon\Projects\CompileOne\Temp\token_stream.json --output C:\Users\User\OneDrive - LP Industries\Documents\Limon\Projects\CompileOne\Temp\semantic.json --language mini-c
2026-08-08 14:41:15,601 INFO     compileone.backend: backend[semantic]: semantic: valid=1 symbols=0 diagnostics=0, 0.00 ms -> C:\Users\User\OneDrive - LP Industries\Documents\Limon\Projects\CompileOne\Temp\semantic.json
2026-08-08 14:41:15,628 DEBUG    compileone.store: artifact saved: C:\Users\User\OneDrive - LP Industries\Documents\Limon\Projects\CompileOne\Temp\semantic.json
2026-08-08 14:41:15,632 DEBUG    compileone.backend: backend: C:\Users\User\OneDrive - LP Industries\Documents\Limon\Projects\CompileOne\build\compileone.exe ir --input C:\Users\User\OneDrive - LP Industries\Documents\Limon\Projects\CompileOne\Temp\token_stream.json --output C:\Users\User\OneDrive - LP Industries\Documents\Limon\Projects\CompileOne\Temp\ir.json --language mini-c
2026-08-08 14:41:15,659 INFO     compileone.backend: backend[ir]: ir: 6 quad(s), 1.00 ms -> C:\Users\User\OneDrive - LP Industries\Documents\Limon\Projects\CompileOne\Temp\ir.json
2026-08-08 14:41:15,660 DEBUG    compileone.store: artifact saved: C:\Users\User\OneDrive - LP Industries\Documents\Limon\Projects\CompileOne\Temp\ir.json
2026-08-08 14:41:15,661 DEBUG    compileone.backend: backend: C:\Users\User\OneDrive - LP Industries\Documents\Limon\Projects\CompileOne\build\compileone.exe opt --input C:\Users\User\OneDrive - LP Industries\Documents\Limon\Projects\CompileOne\Temp\token_stream.json --output C:\Users\User\OneDrive - LP Industries\Documents\Limon\Projects\CompileOne\Temp\optimization.json --language mini-c
2026-08-08 14:41:15,674 INFO     compileone.backend: backend[opt]: opt: 6 -> 6 instructions (0.0% reduction), 1.00 ms -> C:\Users\User\OneDrive - LP Industries\Documents\Limon\Projects\CompileOne\Temp\optimization.json
2026-08-08 14:41:15,686 DEBUG    compileone.store: artifact saved: C:\Users\User\OneDrive - LP Industries\Documents\Limon\Projects\CompileOne\Temp\optimization.json
2026-08-08 14:41:15,687 DEBUG    compileone.backend: backend: C:\Users\User\OneDrive - LP Industries\Documents\Limon\Projects\CompileOne\build\compileone.exe codegen --input C:\Users\User\OneDrive - LP Industries\Documents\Limon\Projects\CompileOne\Temp\token_stream.json --output C:\Users\User\OneDrive - LP Industries\Documents\Limon\Projects\CompileOne\Temp\assembly.json --language mini-c
2026-08-08 14:41:15,701 INFO     compileone.backend: backend[codegen]: codegen: 24 instruction(s), stack 16 bytes, 0.00 ms -> C:\Users\User\OneDrive - LP Industries\Documents\Limon\Projects\CompileOne\Temp\assembly.json
2026-08-08 14:41:15,703 DEBUG    compileone.store: artifact saved: C:\Users\User\OneDrive - LP Industries\Documents\Limon\Projects\CompileOne\Temp\assembly.json
2026-08-08 14:41:15,704 DEBUG    compileone.backend: backend: C:\Users\User\OneDrive - LP Industries\Documents\Limon\Projects\CompileOne\build\compileone.exe run --input C:\Users\User\OneDrive - LP Industries\Documents\Limon\Projects\CompileOne\Temp\compileone_source.mc --output C:\Users\User\OneDrive - LP Industries\Documents\Limon\Projects\CompileOne\Temp\execution.json --language mini-c
2026-08-08 14:41:15,717 INFO     compileone.backend: backend[run]: run: status=ok exit=0 steps=2, 0.00 ms -> C:\Users\User\OneDrive - LP Industries\Documents\Limon\Projects\CompileOne\Temp\execution.json
2026-08-08 14:41:15,718 DEBUG    compileone.store: artifact saved: C:\Users\User\OneDrive - LP Industries\Documents\Limon\Projects\CompileOne\Temp\execution.json
2026-08-08 14:41:15,719 INFO     compileone.orchestrator: compile_all: 8 phases run, 0 diagnostic(s)
2026-08-08 14:41:20,407 DEBUG    compileone.backend: backend: C:\Users\User\OneDrive - LP Industries\Documents\Limon\Projects\CompileOne\build\compileone.exe run --input C:\Users\User\OneDrive - LP Industries\Documents\Limon\Projects\CompileOne\Temp\compileone_source.mc --output C:\Users\User\OneDrive - LP Industries\Documents\Limon\Projects\CompileOne\Temp\execution.json --language mini-c
2026-08-08 14:41:20,434 INFO     compileone.backend: backend[run]: run: status=ok exit=0 steps=2, 1.00 ms -> C:\Users\User\OneDrive - LP Industries\Documents\Limon\Projects\CompileOne\Temp\execution.json
2026-08-08 14:41:20,455 INFO     compileone.orchestrator: execute: status=ok exit=0 steps=2
2026-08-08 14:41:24,426 DEBUG    compileone.backend: backend: C:\Users\User\OneDrive - LP Industries\Documents\Limon\Projects\CompileOne\build\compileone.exe lex --input C:\Users\User\OneDrive - LP Industries\Documents\Limon\Projects\CompileOne\Temp\compileone_source.c --output C:\Users\User\OneDrive - LP Industries\Documents\Limon\Projects\CompileOne\Temp\token_stream.json --language c
2026-08-08 14:41:24,442 INFO     compileone.backend: backend[lex]: lex: 69 tokens, 0 errors, 1.00 ms -> C:\Users\User\OneDrive - LP Industries\Documents\Limon\Projects\CompileOne\Temp\token_stream.json
2026-08-08 14:41:24,466 DEBUG    compileone.store: artifact saved: C:\Users\User\OneDrive - LP Industries\Documents\Limon\Projects\CompileOne\Temp\token_stream.json
2026-08-08 14:41:24,467 INFO     compileone.orchestrator: compile_all: 1 phases run, 0 diagnostic(s)
2026-08-08 14:41:25,015 DEBUG    compileone.backend: backend: C:\Users\User\OneDrive - LP Industries\Documents\Limon\Projects\CompileOne\build\compileone.exe lex --input C:\Users\User\OneDrive - LP Industries\Documents\Limon\Projects\CompileOne\Temp\compileone_source.c --output C:\Users\User\OneDrive - LP Industries\Documents\Limon\Projects\CompileOne\Temp\token_stream.json --language c
2026-08-08 14:41:25,030 INFO     compileone.backend: backend[lex]: lex: 69 tokens, 0 errors, 1.00 ms -> C:\Users\User\OneDrive - LP Industries\Documents\Limon\Projects\CompileOne\Temp\token_stream.json
2026-08-08 14:41:25,048 DEBUG    compileone.store: artifact saved: C:\Users\User\OneDrive - LP Industries\Documents\Limon\Projects\CompileOne\Temp\token_stream.json
2026-08-08 14:41:25,049 INFO     compileone.orchestrator: compile_all: 1 phases run, 0 diagnostic(s)
2026-08-08 14:41:26,083 DEBUG    compileone.orchestrator: native compile: C:\MinGW\bin\gcc.EXE -o C:\Users\User\OneDrive - LP Industries\Documents\Limon\Projects\CompileOne\Temp\compileone_source.exe C:\Users\User\OneDrive - LP Industries\Documents\Limon\Projects\CompileOne\Temp\compileone_source.c -g
2026-08-08 14:41:30,062 DEBUG    compileone.backend: backend: C:\Users\User\OneDrive - LP Industries\Documents\Limon\Projects\CompileOne\build\compileone.exe lex --input C:\Users\User\OneDrive - LP Industries\Documents\Limon\Projects\CompileOne\Temp\compileone_source.cpp --output C:\Users\User\OneDrive - LP Industries\Documents\Limon\Projects\CompileOne\Temp\token_stream.json --language c++
2026-08-08 14:41:30,100 INFO     compileone.backend: backend[lex]: lex: 84 tokens, 0 errors, 0.00 ms -> C:\Users\User\OneDrive - LP Industries\Documents\Limon\Projects\CompileOne\Temp\token_stream.json
2026-08-08 14:41:30,125 DEBUG    compileone.store: artifact saved: C:\Users\User\OneDrive - LP Industries\Documents\Limon\Projects\CompileOne\Temp\token_stream.json
2026-08-08 14:41:30,125 INFO     compileone.orchestrator: compile_all: 1 phases run, 0 diagnostic(s)
2026-08-08 14:41:30,661 DEBUG    compileone.backend: backend: C:\Users\User\OneDrive - LP Industries\Documents\Limon\Projects\CompileOne\build\compileone.exe lex --input C:\Users\User\OneDrive - LP Industries\Documents\Limon\Projects\CompileOne\Temp\compileone_source.cpp --output C:\Users\User\OneDrive - LP Industries\Documents\Limon\Projects\CompileOne\Temp\token_stream.json --language c++
2026-08-08 14:41:30,675 INFO     compileone.backend: backend[lex]: lex: 84 tokens, 0 errors, 1.00 ms -> C:\Users\User\OneDrive - LP Industries\Documents\Limon\Projects\CompileOne\Temp\token_stream.json
2026-08-08 14:41:30,693 DEBUG    compileone.store: artifact saved: C:\Users\User\OneDrive - LP Industries\Documents\Limon\Projects\CompileOne\Temp\token_stream.json
2026-08-08 14:41:30,694 INFO     compileone.orchestrator: compile_all: 1 phases run, 0 diagnostic(s)
2026-08-08 14:41:31,133 DEBUG    compileone.orchestrator: native compile: C:\MinGW\bin\g++.EXE -o C:\Users\User\OneDrive - LP Industries\Documents\Limon\Projects\CompileOne\Temp\compileone_source.exe C:\Users\User\OneDrive - LP Industries\Documents\Limon\Projects\CompileOne\Temp\compileone_source.cpp -g
2026-08-08 14:41:43,157 DEBUG    compileone.orchestrator: native compile: C:\MinGW\bin\g++.EXE -o C:\Users\User\OneDrive - LP Industries\Documents\Limon\Projects\CompileOne\Temp\compileone_source.exe C:\Users\User\OneDrive - LP Industries\Documents\Limon\Projects\CompileOne\Temp\compileone_source.cpp -g
2026-08-08 14:42:01,347 DEBUG    compileone.orchestrator: native compile: C:\MinGW\bin\g++.EXE -o C:\Users\User\OneDrive - LP Industries\Documents\Limon\Projects\CompileOne\Temp\compileone_source.exe C:\Users\User\OneDrive - LP Industries\Documents\Limon\Projects\CompileOne\Temp\compileone_source.cpp -g
2026-08-08 15:06:35,123 DEBUG    compileone.theme: applied stylesheet C:\Users\User\OneDrive - LP Industries\Documents\Limon\Projects\CompileOne\app\ui\theme\vs_dark.qss
2026-08-08 15:06:37,525 DEBUG    compileone.backend: backend: C:\Users\User\OneDrive - LP Industries\Documents\Limon\Projects\CompileOne\build\compileone.exe lex --input C:\Users\User\OneDrive - LP Industries\Documents\Limon\Projects\CompileOne\Temp\compileone_source.mc --output C:\Users\User\OneDrive - LP Industries\Documents\Limon\Projects\CompileOne\Temp\token_stream.json --language mini-c
2026-08-08 15:06:37,652 INFO     compileone.backend: backend[lex]: lex: 17 tokens, 0 errors, 2.00 ms -> C:\Users\User\OneDrive - LP Industries\Documents\Limon\Projects\CompileOne\Temp\token_stream.json
2026-08-08 15:06:37,682 DEBUG    compileone.store: artifact saved: C:\Users\User\OneDrive - LP Industries\Documents\Limon\Projects\CompileOne\Temp\token_stream.json
2026-08-08 15:06:37,683 DEBUG    compileone.backend: backend: C:\Users\User\OneDrive - LP Industries\Documents\Limon\Projects\CompileOne\build\compileone.exe parse --input C:\Users\User\OneDrive - LP Industries\Documents\Limon\Projects\CompileOne\Temp\token_stream.json --output C:\Users\User\OneDrive - LP Industries\Documents\Limon\Projects\CompileOne\Temp\parse_tree.json --language mini-c
2026-08-08 15:06:37,728 INFO     compileone.backend: backend[parse]: parse: 1 node(s), 0 errors, 23.00 ms -> C:\Users\User\OneDrive - LP Industries\Documents\Limon\Projects\CompileOne\Temp\parse_tree.json
2026-08-08 15:06:37,770 DEBUG    compileone.store: artifact saved: C:\Users\User\OneDrive - LP Industries\Documents\Limon\Projects\CompileOne\Temp\parse_tree.json
2026-08-08 15:06:37,771 DEBUG    compileone.backend: backend: C:\Users\User\OneDrive - LP Industries\Documents\Limon\Projects\CompileOne\build\compileone.exe ast --input C:\Users\User\OneDrive - LP Industries\Documents\Limon\Projects\CompileOne\Temp\token_stream.json --output C:\Users\User\OneDrive - LP Industries\Documents\Limon\Projects\CompileOne\Temp\ast.json --language mini-c
2026-08-08 15:06:37,790 INFO     compileone.backend: backend[ast]: ast: 0 error(s), 0.00 ms -> C:\Users\User\OneDrive - LP Industries\Documents\Limon\Projects\CompileOne\Temp\ast.json
2026-08-08 15:06:37,793 DEBUG    compileone.store: artifact saved: C:\Users\User\OneDrive - LP Industries\Documents\Limon\Projects\CompileOne\Temp\ast.json
2026-08-08 15:06:37,793 DEBUG    compileone.backend: backend: C:\Users\User\OneDrive - LP Industries\Documents\Limon\Projects\CompileOne\build\compileone.exe semantic --input C:\Users\User\OneDrive - LP Industries\Documents\Limon\Projects\CompileOne\Temp\token_stream.json --output C:\Users\User\OneDrive - LP Industries\Documents\Limon\Projects\CompileOne\Temp\semantic.json --language mini-c
2026-08-08 15:06:37,814 INFO     compileone.backend: backend[semantic]: semantic: valid=1 symbols=0 diagnostics=0, 0.00 ms -> C:\Users\User\OneDrive - LP Industries\Documents\Limon\Projects\CompileOne\Temp\semantic.json
2026-08-08 15:06:37,816 DEBUG    compileone.store: artifact saved: C:\Users\User\OneDrive - LP Industries\Documents\Limon\Projects\CompileOne\Temp\semantic.json
2026-08-08 15:06:37,817 DEBUG    compileone.backend: backend: C:\Users\User\OneDrive - LP Industries\Documents\Limon\Projects\CompileOne\build\compileone.exe ir --input C:\Users\User\OneDrive - LP Industries\Documents\Limon\Projects\CompileOne\Temp\token_stream.json --output C:\Users\User\OneDrive - LP Industries\Documents\Limon\Projects\CompileOne\Temp\ir.json --language mini-c
2026-08-08 15:06:37,838 INFO     compileone.backend: backend[ir]: ir: 6 quad(s), 0.00 ms -> C:\Users\User\OneDrive - LP Industries\Documents\Limon\Projects\CompileOne\Temp\ir.json
2026-08-08 15:06:37,840 DEBUG    compileone.store: artifact saved: C:\Users\User\OneDrive - LP Industries\Documents\Limon\Projects\CompileOne\Temp\ir.json
2026-08-08 15:06:37,841 DEBUG    compileone.backend: backend: C:\Users\User\OneDrive - LP Industries\Documents\Limon\Projects\CompileOne\build\compileone.exe opt --input C:\Users\User\OneDrive - LP Industries\Documents\Limon\Projects\CompileOne\Temp\token_stream.json --output C:\Users\User\OneDrive - LP Industries\Documents\Limon\Projects\CompileOne\Temp\optimization.json --language mini-c
2026-08-08 15:06:37,861 INFO     compileone.backend: backend[opt]: opt: 6 -> 6 instructions (0.0% reduction), 0.00 ms -> C:\Users\User\OneDrive - LP Industries\Documents\Limon\Projects\CompileOne\Temp\optimization.json
2026-08-08 15:06:37,889 DEBUG    compileone.store: artifact saved: C:\Users\User\OneDrive - LP Industries\Documents\Limon\Projects\CompileOne\Temp\optimization.json
2026-08-08 15:06:37,889 DEBUG    compileone.backend: backend: C:\Users\User\OneDrive - LP Industries\Documents\Limon\Projects\CompileOne\build\compileone.exe codegen --input C:\Users\User\OneDrive - LP Industries\Documents\Limon\Projects\CompileOne\Temp\token_stream.json --output C:\Users\User\OneDrive - LP Industries\Documents\Limon\Projects\CompileOne\Temp\assembly.json --language mini-c
2026-08-08 15:06:37,909 INFO     compileone.backend: backend[codegen]: codegen: 24 instruction(s), stack 16 bytes, 0.00 ms -> C:\Users\User\OneDrive - LP Industries\Documents\Limon\Projects\CompileOne\Temp\assembly.json
2026-08-08 15:06:37,912 DEBUG    compileone.store: artifact saved: C:\Users\User\OneDrive - LP Industries\Documents\Limon\Projects\CompileOne\Temp\assembly.json
2026-08-08 15:06:37,913 DEBUG    compileone.backend: backend: C:\Users\User\OneDrive - LP Industries\Documents\Limon\Projects\CompileOne\build\compileone.exe run --input C:\Users\User\OneDrive - LP Industries\Documents\Limon\Projects\CompileOne\Temp\compileone_source.mc --output C:\Users\User\OneDrive - LP Industries\Documents\Limon\Projects\CompileOne\Temp\execution.json --language mini-c
2026-08-08 15:06:37,931 INFO     compileone.backend: backend[run]: run: status=ok exit=0 steps=2, 0.00 ms -> C:\Users\User\OneDrive - LP Industries\Documents\Limon\Projects\CompileOne\Temp\execution.json
2026-08-08 15:06:37,933 DEBUG    compileone.store: artifact saved: C:\Users\User\OneDrive - LP Industries\Documents\Limon\Projects\CompileOne\Temp\execution.json
2026-08-08 15:06:37,934 INFO     compileone.orchestrator: compile_all: 8 phases run, 0 diagnostic(s)
2026-08-08 15:06:38,212 DEBUG    compileone.backend: backend: C:\Users\User\OneDrive - LP Industries\Documents\Limon\Projects\CompileOne\build\compileone.exe lex --input C:\Users\User\OneDrive - LP Industries\Documents\Limon\Projects\CompileOne\Temp\compileone_source.mc --output C:\Users\User\OneDrive - LP Industries\Documents\Limon\Projects\CompileOne\Temp\token_stream.json --language mini-c
2026-08-08 15:06:38,231 INFO     compileone.backend: backend[lex]: lex: 17 tokens, 0 errors, 6.00 ms -> C:\Users\User\OneDrive - LP Industries\Documents\Limon\Projects\CompileOne\Temp\token_stream.json
2026-08-08 15:06:38,236 DEBUG    compileone.store: artifact saved: C:\Users\User\OneDrive - LP Industries\Documents\Limon\Projects\CompileOne\Temp\token_stream.json
2026-08-08 15:06:38,237 DEBUG    compileone.backend: backend: C:\Users\User\OneDrive - LP Industries\Documents\Limon\Projects\CompileOne\build\compileone.exe parse --input C:\Users\User\OneDrive - LP Industries\Documents\Limon\Projects\CompileOne\Temp\token_stream.json --output C:\Users\User\OneDrive - LP Industries\Documents\Limon\Projects\CompileOne\Temp\parse_tree.json --language mini-c
2026-08-08 15:06:38,291 INFO     compileone.backend: backend[parse]: parse: 1 node(s), 0 errors, 34.00 ms -> C:\Users\User\OneDrive - LP Industries\Documents\Limon\Projects\CompileOne\Temp\parse_tree.json
2026-08-08 15:06:38,321 DEBUG    compileone.store: artifact saved: C:\Users\User\OneDrive - LP Industries\Documents\Limon\Projects\CompileOne\Temp\parse_tree.json
2026-08-08 15:06:38,322 DEBUG    compileone.backend: backend: C:\Users\User\OneDrive - LP Industries\Documents\Limon\Projects\CompileOne\build\compileone.exe ast --input C:\Users\User\OneDrive - LP Industries\Documents\Limon\Projects\CompileOne\Temp\token_stream.json --output C:\Users\User\OneDrive - LP Industries\Documents\Limon\Projects\CompileOne\Temp\ast.json --language mini-c
2026-08-08 15:06:38,337 INFO     compileone.backend: backend[ast]: ast: 0 error(s), 0.00 ms -> C:\Users\User\OneDrive - LP Industries\Documents\Limon\Projects\CompileOne\Temp\ast.json
2026-08-08 15:06:38,340 DEBUG    compileone.store: artifact saved: C:\Users\User\OneDrive - LP Industries\Documents\Limon\Projects\CompileOne\Temp\ast.json
2026-08-08 15:06:38,341 DEBUG    compileone.backend: backend: C:\Users\User\OneDrive - LP Industries\Documents\Limon\Projects\CompileOne\build\compileone.exe semantic --input C:\Users\User\OneDrive - LP Industries\Documents\Limon\Projects\CompileOne\Temp\token_stream.json --output C:\Users\User\OneDrive - LP Industries\Documents\Limon\Projects\CompileOne\Temp\semantic.json --language mini-c
2026-08-08 15:06:38,361 INFO     compileone.backend: backend[semantic]: semantic: valid=1 symbols=0 diagnostics=0, 0.00 ms -> C:\Users\User\OneDrive - LP Industries\Documents\Limon\Projects\CompileOne\Temp\semantic.json
2026-08-08 15:06:38,364 DEBUG    compileone.store: artifact saved: C:\Users\User\OneDrive - LP Industries\Documents\Limon\Projects\CompileOne\Temp\semantic.json
2026-08-08 15:06:38,366 DEBUG    compileone.backend: backend: C:\Users\User\OneDrive - LP Industries\Documents\Limon\Projects\CompileOne\build\compileone.exe ir --input C:\Users\User\OneDrive - LP Industries\Documents\Limon\Projects\CompileOne\Temp\token_stream.json --output C:\Users\User\OneDrive - LP Industries\Documents\Limon\Projects\CompileOne\Temp\ir.json --language mini-c
2026-08-08 15:06:38,383 INFO     compileone.backend: backend[ir]: ir: 6 quad(s), 0.00 ms -> C:\Users\User\OneDrive - LP Industries\Documents\Limon\Projects\CompileOne\Temp\ir.json
2026-08-08 15:06:38,390 DEBUG    compileone.store: artifact saved: C:\Users\User\OneDrive - LP Industries\Documents\Limon\Projects\CompileOne\Temp\ir.json
2026-08-08 15:06:38,391 DEBUG    compileone.backend: backend: C:\Users\User\OneDrive - LP Industries\Documents\Limon\Projects\CompileOne\build\compileone.exe opt --input C:\Users\User\OneDrive - LP Industries\Documents\Limon\Projects\CompileOne\Temp\token_stream.json --output C:\Users\User\OneDrive - LP Industries\Documents\Limon\Projects\CompileOne\Temp\optimization.json --language mini-c
2026-08-08 15:06:38,407 INFO     compileone.backend: backend[opt]: opt: 6 -> 6 instructions (0.0% reduction), 0.00 ms -> C:\Users\User\OneDrive - LP Industries\Documents\Limon\Projects\CompileOne\Temp\optimization.json
2026-08-08 15:06:38,410 DEBUG    compileone.store: artifact saved: C:\Users\User\OneDrive - LP Industries\Documents\Limon\Projects\CompileOne\Temp\optimization.json
2026-08-08 15:06:38,411 DEBUG    compileone.backend: backend: C:\Users\User\OneDrive - LP Industries\Documents\Limon\Projects\CompileOne\build\compileone.exe codegen --input C:\Users\User\OneDrive - LP Industries\Documents\Limon\Projects\CompileOne\Temp\token_stream.json --output C:\Users\User\OneDrive - LP Industries\Documents\Limon\Projects\CompileOne\Temp\assembly.json --language mini-c
2026-08-08 15:06:38,452 INFO     compileone.backend: backend[codegen]: codegen: 24 instruction(s), stack 16 bytes, 2.00 ms -> C:\Users\User\OneDrive - LP Industries\Documents\Limon\Projects\CompileOne\Temp\assembly.json
2026-08-08 15:06:38,473 DEBUG    compileone.store: artifact saved: C:\Users\User\OneDrive - LP Industries\Documents\Limon\Projects\CompileOne\Temp\assembly.json
2026-08-08 15:06:38,493 DEBUG    compileone.backend: backend: C:\Users\User\OneDrive - LP Industries\Documents\Limon\Projects\CompileOne\build\compileone.exe run --input C:\Users\User\OneDrive - LP Industries\Documents\Limon\Projects\CompileOne\Temp\compileone_source.mc --output C:\Users\User\OneDrive - LP Industries\Documents\Limon\Projects\CompileOne\Temp\execution.json --language mini-c
2026-08-08 15:06:38,513 INFO     compileone.backend: backend[run]: run: status=ok exit=0 steps=2, 0.00 ms -> C:\Users\User\OneDrive - LP Industries\Documents\Limon\Projects\CompileOne\Temp\execution.json
2026-08-08 15:06:38,516 DEBUG    compileone.store: artifact saved: C:\Users\User\OneDrive - LP Industries\Documents\Limon\Projects\CompileOne\Temp\execution.json
2026-08-08 15:06:38,517 INFO     compileone.orchestrator: compile_all: 8 phases run, 0 diagnostic(s)
2026-08-08 15:06:40,598 DEBUG    compileone.backend: backend: C:\Users\User\OneDrive - LP Industries\Documents\Limon\Projects\CompileOne\build\compileone.exe run --input C:\Users\User\OneDrive - LP Industries\Documents\Limon\Projects\CompileOne\Temp\compileone_source.mc --output C:\Users\User\OneDrive - LP Industries\Documents\Limon\Projects\CompileOne\Temp\execution.json --language mini-c
2026-08-08 15:06:40,612 INFO     compileone.backend: backend[run]: run: status=ok exit=0 steps=2, 2.00 ms -> C:\Users\User\OneDrive - LP Industries\Documents\Limon\Projects\CompileOne\Temp\execution.json
2026-08-08 15:06:40,615 INFO     compileone.orchestrator: execute: status=ok exit=0 steps=2
2026-08-08 15:06:43,339 DEBUG    compileone.backend: backend: C:\Users\User\OneDrive - LP Industries\Documents\Limon\Projects\CompileOne\build\compileone.exe lex --input C:\Users\User\OneDrive - LP Industries\Documents\Limon\Projects\CompileOne\Temp\compileone_source.c --output C:\Users\User\OneDrive - LP Industries\Documents\Limon\Projects\CompileOne\Temp\token_stream.json --language c
2026-08-08 15:06:43,355 INFO     compileone.backend: backend[lex]: lex: 69 tokens, 0 errors, 1.00 ms -> C:\Users\User\OneDrive - LP Industries\Documents\Limon\Projects\CompileOne\Temp\token_stream.json
2026-08-08 15:06:43,379 DEBUG    compileone.store: artifact saved: C:\Users\User\OneDrive - LP Industries\Documents\Limon\Projects\CompileOne\Temp\token_stream.json
2026-08-08 15:06:43,380 INFO     compileone.orchestrator: compile_all: 1 phases run, 0 diagnostic(s)
2026-08-08 15:06:43,946 DEBUG    compileone.backend: backend: C:\Users\User\OneDrive - LP Industries\Documents\Limon\Projects\CompileOne\build\compileone.exe lex --input C:\Users\User\OneDrive - LP Industries\Documents\Limon\Projects\CompileOne\Temp\compileone_source.c --output C:\Users\User\OneDrive - LP Industries\Documents\Limon\Projects\CompileOne\Temp\token_stream.json --language c
2026-08-08 15:06:43,958 INFO     compileone.backend: backend[lex]: lex: 69 tokens, 0 errors, 0.00 ms -> C:\Users\User\OneDrive - LP Industries\Documents\Limon\Projects\CompileOne\Temp\token_stream.json
2026-08-08 15:06:43,980 DEBUG    compileone.store: artifact saved: C:\Users\User\OneDrive - LP Industries\Documents\Limon\Projects\CompileOne\Temp\token_stream.json
2026-08-08 15:06:43,981 INFO     compileone.orchestrator: compile_all: 1 phases run, 0 diagnostic(s)
2026-08-08 15:06:45,036 DEBUG    compileone.orchestrator: native compile: C:\MinGW\bin\gcc.EXE -o C:\Users\User\OneDrive - LP Industries\Documents\Limon\Projects\CompileOne\Temp\compileone_source.exe C:\Users\User\OneDrive - LP Industries\Documents\Limon\Projects\CompileOne\Temp\compileone_source.c -g
2026-08-08 15:06:48,421 DEBUG    compileone.backend: backend: C:\Users\User\OneDrive - LP Industries\Documents\Limon\Projects\CompileOne\build\compileone.exe lex --input C:\Users\User\OneDrive - LP Industries\Documents\Limon\Projects\CompileOne\Temp\compileone_source.cpp --output C:\Users\User\OneDrive - LP Industries\Documents\Limon\Projects\CompileOne\Temp\token_stream.json --language c++
2026-08-08 15:06:48,456 INFO     compileone.backend: backend[lex]: lex: 84 tokens, 0 errors, 1.00 ms -> C:\Users\User\OneDrive - LP Industries\Documents\Limon\Projects\CompileOne\Temp\token_stream.json
2026-08-08 15:06:48,483 DEBUG    compileone.store: artifact saved: C:\Users\User\OneDrive - LP Industries\Documents\Limon\Projects\CompileOne\Temp\token_stream.json
2026-08-08 15:06:48,499 INFO     compileone.orchestrator: compile_all: 1 phases run, 0 diagnostic(s)
2026-08-08 15:06:49,033 DEBUG    compileone.backend: backend: C:\Users\User\OneDrive - LP Industries\Documents\Limon\Projects\CompileOne\build\compileone.exe lex --input C:\Users\User\OneDrive - LP Industries\Documents\Limon\Projects\CompileOne\Temp\compileone_source.cpp --output C:\Users\User\OneDrive - LP Industries\Documents\Limon\Projects\CompileOne\Temp\token_stream.json --language c++
2026-08-08 15:06:49,052 INFO     compileone.backend: backend[lex]: lex: 84 tokens, 0 errors, 1.00 ms -> C:\Users\User\OneDrive - LP Industries\Documents\Limon\Projects\CompileOne\Temp\token_stream.json
2026-08-08 15:06:49,075 DEBUG    compileone.store: artifact saved: C:\Users\User\OneDrive - LP Industries\Documents\Limon\Projects\CompileOne\Temp\token_stream.json
2026-08-08 15:06:49,076 INFO     compileone.orchestrator: compile_all: 1 phases run, 0 diagnostic(s)
2026-08-08 15:06:50,102 DEBUG    compileone.orchestrator: native compile: C:\MinGW\bin\g++.EXE -o C:\Users\User\OneDrive - LP Industries\Documents\Limon\Projects\CompileOne\Temp\compileone_source.exe C:\Users\User\OneDrive - LP Industries\Documents\Limon\Projects\CompileOne\Temp\compileone_source.cpp -g
2026-08-08 15:06:55,265 DEBUG    compileone.backend: backend: C:\Users\User\OneDrive - LP Industries\Documents\Limon\Projects\CompileOne\build\compileone.exe lex --input C:\Users\User\OneDrive - LP Industries\Documents\Limon\Projects\CompileOne\Temp\compileone_source.c --output C:\Users\User\OneDrive - LP Industries\Documents\Limon\Projects\CompileOne\Temp\token_stream.json --language c
2026-08-08 15:06:55,279 INFO     compileone.backend: backend[lex]: lex: 69 tokens, 0 errors, 0.00 ms -> C:\Users\User\OneDrive - LP Industries\Documents\Limon\Projects\CompileOne\Temp\token_stream.json
2026-08-08 15:06:55,298 DEBUG    compileone.store: artifact saved: C:\Users\User\OneDrive - LP Industries\Documents\Limon\Projects\CompileOne\Temp\token_stream.json
2026-08-08 15:06:55,300 INFO     compileone.orchestrator: compile_all: 1 phases run, 0 diagnostic(s)
2026-08-08 15:06:55,874 DEBUG    compileone.backend: backend: C:\Users\User\OneDrive - LP Industries\Documents\Limon\Projects\CompileOne\build\compileone.exe lex --input C:\Users\User\OneDrive - LP Industries\Documents\Limon\Projects\CompileOne\Temp\compileone_source.c --output C:\Users\User\OneDrive - LP Industries\Documents\Limon\Projects\CompileOne\Temp\token_stream.json --language c
2026-08-08 15:06:55,887 INFO     compileone.backend: backend[lex]: lex: 69 tokens, 0 errors, 0.00 ms -> C:\Users\User\OneDrive - LP Industries\Documents\Limon\Projects\CompileOne\Temp\token_stream.json
2026-08-08 15:06:55,921 DEBUG    compileone.store: artifact saved: C:\Users\User\OneDrive - LP Industries\Documents\Limon\Projects\CompileOne\Temp\token_stream.json
2026-08-08 15:06:55,923 INFO     compileone.orchestrator: compile_all: 1 phases run, 0 diagnostic(s)
2026-08-08 15:06:56,808 DEBUG    compileone.orchestrator: native compile: C:\MinGW\bin\gcc.EXE -o C:\Users\User\OneDrive - LP Industries\Documents\Limon\Projects\CompileOne\Temp\compileone_source.exe C:\Users\User\OneDrive - LP Industries\Documents\Limon\Projects\CompileOne\Temp\compileone_source.c -g
2026-08-08 15:07:11,166 DEBUG    compileone.backend: backend: C:\Users\User\OneDrive - LP Industries\Documents\Limon\Projects\CompileOne\build\compileone.exe lex --input C:\Users\User\OneDrive - LP Industries\Documents\Limon\Projects\CompileOne\Temp\compileone_source.c --output C:\Users\User\OneDrive - LP Industries\Documents\Limon\Projects\CompileOne\Temp\token_stream.json --language c
2026-08-08 15:07:11,181 INFO     compileone.backend: backend[lex]: lex: 69 tokens, 0 errors, 2.00 ms -> C:\Users\User\OneDrive - LP Industries\Documents\Limon\Projects\CompileOne\Temp\token_stream.json
2026-08-08 15:07:11,208 DEBUG    compileone.store: artifact saved: C:\Users\User\OneDrive - LP Industries\Documents\Limon\Projects\CompileOne\Temp\token_stream.json
2026-08-08 15:07:11,209 INFO     compileone.orchestrator: compile_all: 1 phases run, 0 diagnostic(s)
2026-08-08 15:07:12,200 DEBUG    compileone.orchestrator: native compile: C:\MinGW\bin\gcc.EXE -o C:\Users\User\OneDrive - LP Industries\Documents\Limon\Projects\CompileOne\Temp\compileone_source.exe C:\Users\User\OneDrive - LP Industries\Documents\Limon\Projects\CompileOne\Temp\compileone_source.c -g
2026-08-08 15:07:15,629 DEBUG    compileone.backend: backend: C:\Users\User\OneDrive - LP Industries\Documents\Limon\Projects\CompileOne\build\compileone.exe lex --input C:\Users\User\OneDrive - LP Industries\Documents\Limon\Projects\CompileOne\Temp\compileone_source.cpp --output C:\Users\User\OneDrive - LP Industries\Documents\Limon\Projects\CompileOne\Temp\token_stream.json --language c++
2026-08-08 15:07:15,641 INFO     compileone.backend: backend[lex]: lex: 84 tokens, 0 errors, 10.00 ms -> C:\Users\User\OneDrive - LP Industries\Documents\Limon\Projects\CompileOne\Temp\token_stream.json
2026-08-08 15:07:15,664 DEBUG    compileone.store: artifact saved: C:\Users\User\OneDrive - LP Industries\Documents\Limon\Projects\CompileOne\Temp\token_stream.json
2026-08-08 15:07:15,665 INFO     compileone.orchestrator: compile_all: 1 phases run, 0 diagnostic(s)
2026-08-08 15:07:16,226 DEBUG    compileone.backend: backend: C:\Users\User\OneDrive - LP Industries\Documents\Limon\Projects\CompileOne\build\compileone.exe lex --input C:\Users\User\OneDrive - LP Industries\Documents\Limon\Projects\CompileOne\Temp\compileone_source.cpp --output C:\Users\User\OneDrive - LP Industries\Documents\Limon\Projects\CompileOne\Temp\token_stream.json --language c++
2026-08-08 15:07:16,242 INFO     compileone.backend: backend[lex]: lex: 84 tokens, 0 errors, 0.00 ms -> C:\Users\User\OneDrive - LP Industries\Documents\Limon\Projects\CompileOne\Temp\token_stream.json
2026-08-08 15:07:16,269 DEBUG    compileone.store: artifact saved: C:\Users\User\OneDrive - LP Industries\Documents\Limon\Projects\CompileOne\Temp\token_stream.json
2026-08-08 15:07:16,270 INFO     compileone.orchestrator: compile_all: 1 phases run, 0 diagnostic(s)
2026-08-08 15:07:23,120 DEBUG    compileone.orchestrator: native compile: C:\MinGW\bin\g++.EXE -o C:\Users\User\OneDrive - LP Industries\Documents\Limon\Projects\CompileOne\Temp\compileone_source.exe C:\Users\User\OneDrive - LP Industries\Documents\Limon\Projects\CompileOne\Temp\compileone_source.cpp -g
2026-08-08 15:07:50,994 DEBUG    compileone.backend: backend: C:\Users\User\OneDrive - LP Industries\Documents\Limon\Projects\CompileOne\build\compileone.exe lex --input C:\Users\User\OneDrive - LP Industries\Documents\Limon\Projects\CompileOne\Temp\compileone_source.cpp --output C:\Users\User\OneDrive - LP Industries\Documents\Limon\Projects\CompileOne\Temp\token_stream.json --language c++
2026-08-08 15:07:51,009 INFO     compileone.backend: backend[lex]: lex: 84 tokens, 0 errors, 6.00 ms -> C:\Users\User\OneDrive - LP Industries\Documents\Limon\Projects\CompileOne\Temp\token_stream.json
2026-08-08 15:07:51,033 DEBUG    compileone.store: artifact saved: C:\Users\User\OneDrive - LP Industries\Documents\Limon\Projects\CompileOne\Temp\token_stream.json
2026-08-08 15:07:51,034 INFO     compileone.orchestrator: compile_all: 1 phases run, 0 diagnostic(s)
2026-08-08 15:07:54,052 DEBUG    compileone.orchestrator: native compile: C:\MinGW\bin\g++.EXE -o C:\Users\User\OneDrive - LP Industries\Documents\Limon\Projects\CompileOne\Temp\compileone_source.exe C:\Users\User\OneDrive - LP Industries\Documents\Limon\Projects\CompileOne\Temp\compileone_source.cpp -g
2026-08-08 15:08:00,364 DEBUG    compileone.orchestrator: native compile: C:\MinGW\bin\g++.EXE -o C:\Users\User\OneDrive - LP Industries\Documents\Limon\Projects\CompileOne\Temp\compileone_source.exe C:\Users\User\OneDrive - LP Industries\Documents\Limon\Projects\CompileOne\Temp\compileone_source.cpp -g
2026-08-08 15:08:00,921 DEBUG    compileone.orchestrator: native compile: C:\MinGW\bin\g++.EXE -o C:\Users\User\OneDrive - LP Industries\Documents\Limon\Projects\CompileOne\Temp\compileone_source.exe C:\Users\User\OneDrive - LP Industries\Documents\Limon\Projects\CompileOne\Temp\compileone_source.cpp -g
2026-08-08 15:08:01,387 WARNING  compileone.backend: An interactive process is already running. Cannot start another.
2026-08-08 15:08:01,393 DEBUG    compileone.orchestrator: native compile: C:\MinGW\bin\g++.EXE -o C:\Users\User\OneDrive - LP Industries\Documents\Limon\Projects\CompileOne\Temp\compileone_source.exe C:\Users\User\OneDrive - LP Industries\Documents\Limon\Projects\CompileOne\Temp\compileone_source.cpp -g
2026-08-08 15:08:01,840 WARNING  compileone.backend: An interactive process is already running. Cannot start another.
2026-08-08 15:08:01,843 DEBUG    compileone.orchestrator: native compile: C:\MinGW\bin\g++.EXE -o C:\Users\User\OneDrive - LP Industries\Documents\Limon\Projects\CompileOne\Temp\compileone_source.exe C:\Users\User\OneDrive - LP Industries\Documents\Limon\Projects\CompileOne\Temp\compileone_source.cpp -g
2026-08-08 15:08:02,302 WARNING  compileone.backend: An interactive process is already running. Cannot start another.
2026-08-08 15:08:02,309 DEBUG    compileone.orchestrator: native compile: C:\MinGW\bin\g++.EXE -o C:\Users\User\OneDrive - LP Industries\Documents\Limon\Projects\CompileOne\Temp\compileone_source.exe C:\Users\User\OneDrive - LP Industries\Documents\Limon\Projects\CompileOne\Temp\compileone_source.cpp -g
2026-08-08 15:08:02,801 WARNING  compileone.backend: An interactive process is already running. Cannot start another.
2026-08-08 15:08:02,804 DEBUG    compileone.orchestrator: native compile: C:\MinGW\bin\g++.EXE -o C:\Users\User\OneDrive - LP Industries\Documents\Limon\Projects\CompileOne\Temp\compileone_source.exe C:\Users\User\OneDrive - LP Industries\Documents\Limon\Projects\CompileOne\Temp\compileone_source.cpp -g
2026-08-08 15:08:03,318 WARNING  compileone.backend: An interactive process is already running. Cannot start another.
2026-08-08 15:08:38,640 DEBUG    compileone.backend: backend: C:\Users\User\OneDrive - LP Industries\Documents\Limon\Projects\CompileOne\build\compileone.exe lex --input C:\Users\User\OneDrive - LP Industries\Documents\Limon\Projects\CompileOne\Temp\compileone_source.cpp --output C:\Users\User\OneDrive - LP Industries\Documents\Limon\Projects\CompileOne\Temp\token_stream.json --language c++
2026-08-08 15:08:38,702 INFO     compileone.backend: backend[lex]: lex: 521 tokens, 2 errors, 34.00 ms -> C:\Users\User\OneDrive - LP Industries\Documents\Limon\Projects\CompileOne\Temp\token_stream.json
2026-08-08 15:08:38,751 DEBUG    compileone.store: artifact saved: C:\Users\User\OneDrive - LP Industries\Documents\Limon\Projects\CompileOne\Temp\token_stream.json
2026-08-08 15:08:38,762 INFO     compileone.orchestrator: compile_all: 1 phases run, 2 diagnostic(s)
2026-08-08 15:08:38,789 INFO     compileone.token_view: token view: 521 token(s), 2 error(s)
2026-08-08 15:09:02,692 DEBUG    compileone.backend: backend: C:\Users\User\OneDrive - LP Industries\Documents\Limon\Projects\CompileOne\build\compileone.exe lex --input C:\Users\User\OneDrive - LP Industries\Documents\Limon\Projects\CompileOne\Temp\compileone_source.cpp --output C:\Users\User\OneDrive - LP Industries\Documents\Limon\Projects\CompileOne\Temp\token_stream.json --language c++
2026-08-08 15:09:02,706 INFO     compileone.backend: backend[lex]: lex: 521 tokens, 2 errors, 0.00 ms -> C:\Users\User\OneDrive - LP Industries\Documents\Limon\Projects\CompileOne\Temp\token_stream.json
2026-08-08 15:09:02,738 DEBUG    compileone.store: artifact saved: C:\Users\User\OneDrive - LP Industries\Documents\Limon\Projects\CompileOne\Temp\token_stream.json
2026-08-08 15:09:02,740 INFO     compileone.orchestrator: compile_all: 1 phases run, 2 diagnostic(s)
2026-08-08 15:09:02,760 INFO     compileone.token_view: token view: 521 token(s), 2 error(s)
2026-08-08 15:09:08,673 DEBUG    compileone.orchestrator: native compile: C:\MinGW\bin\g++.EXE -o C:\Users\User\OneDrive - LP Industries\Documents\Limon\Projects\CompileOne\Temp\compileone_source.exe C:\Users\User\OneDrive - LP Industries\Documents\Limon\Projects\CompileOne\Temp\compileone_source.cpp -g
2026-08-08 15:09:09,621 ERROR    compileone.orchestrator: native compile failed:
C:\Users\User\OneDrive - LP Industries\Documents\Limon\Projects\CompileOne\Temp\compileone_source.cpp: In function 'int main()':
C:\Users\User\OneDrive - LP Industries\Documents\Limon\Projects\CompileOne\Temp\compileone_source.cpp:24:43: error: 'std::thread' has not been declared
     const unsigned int NUM_THREADS = std::thread::hardware_concurrency(); // Detect CPU Cores
                                           ^~~~~~
C:\Users\User\OneDrive - LP Industries\Documents\Limon\Projects\CompileOne\Temp\compileone_source.cpp:29:5: error: 'mutex' is not a member of 'std'
     std::mutex vector_mutex;                           // Mutex to protect the shared vector
     ^~~
C:\Users\User\OneDrive - LP Industries\Documents\Limon\Projects\CompileOne\Temp\compileone_source.cpp: In lambda function:
C:\Users\User\OneDrive - LP Industries\Documents\Limon\Projects\CompileOne\Temp\compileone_source.cpp:51:25: error: 'mutex' is not a member of 'std'
         std::lock_guard<std::mutex> lock(vector_mutex);
                         ^~~
C:\Users\User\OneDrive - LP Industries\Documents\Limon\Projects\CompileOne\Temp\compileone_source.cpp:51:25: error: 'mutex' is not a member of 'std'
C:\Users\User\OneDrive - LP Industries\Documents\Limon\Projects\CompileOne\Temp\compileone_source.cpp:51:35: error: template argument 1 is invalid
         std::lock_guard<std::mutex> lock(vector_mutex);
                                   ^
C:\Users\User\OneDrive - LP Industries\Documents\Limon\Projects\CompileOne\Temp\compileone_source.cpp:51:42: error: 'vector_mutex' was not declared in this scope
         std::lock_guard<std::mutex> lock(vector_mutex);
                                          ^~~~~~~~~~~~
C:\Users\User\OneDrive - LP Industries\Documents\Limon\Projects\CompileOne\Temp\compileone_source.cpp: In function 'int main()':
C:\Users\User\OneDrive - LP Industries\Documents\Limon\Projects\CompileOne\Temp\compileone_source.cpp:57:17: error: 'thread' is not a member of 'std'
     std::vector<std::thread> threads;
                 ^~~
C:\Users\User\OneDrive - LP Industries\Documents\Limon\Projects\CompileOne\Temp\compileone_source.cpp:57:17: error: 'thread' is not a member of 'std'
C:\Users\User\OneDrive - LP Industries\Documents\Limon\Projects\CompileOne\Temp\compileone_source.cpp:57:28: error: template argument 1 is invalid
     std::vector<std::thread> threads;
                            ^
C:\Users\User\OneDrive - LP Industries\Documents\Limon\Projects\CompileOne\Temp\compileone_source.cpp:57:28: error: template argument 2 is invalid
C:\Users\User\OneDrive - LP Industries\Documents\Limon\Projects\CompileOne\Temp\compileone_source.cpp:59:17: error: request for member 'emplace_back' in 'threads', which is of non-class type 'int'
         threads.emplace_back(worker);
                 ^~~~~~~~~~~~
C:\Users\User\OneDrive - LP Industries\Documents\Limon\Projects\CompileOne\Temp\compileone_source.cpp:63:20: error: 'begin' was not declared in this scope
     for (auto& t : threads) {
                    ^~~~~~~
C:\Users\User\OneDrive - LP Industries\Documents\Limon\Projects\CompileOne\Temp\compileone_source.cpp:63:20: note: suggested alternative:
In file included from c:\mingw\lib\gcc\mingw32\6.3.0\include\c++\string:51:0,
                 from c:\mingw\lib\gcc\mingw32\6.3.0\include\c++\bits\locale_classes.h:40,
                 from c:\mingw\lib\gcc\mingw32\6.3.0\include\c++\bits\ios_base.h:41,
                 from c:\mingw\lib\gcc\mingw32\6.3.0\include\c++\ios:42,
                 from c:\mingw\lib\gcc\mingw32\6.3.0\include\c++\ostream:38,
                 from c:\mingw\lib\gcc\mingw32\6.3.0\include\c++\iostream:39,
                 from C:\Users\User\OneDrive - LP Industries\Documents\Limon\Projects\CompileOne\Temp\compileone_source.cpp:1:
c:\mingw\lib\gcc\mingw32\6.3.0\include\c++\bits\range_access.h:105:37: note:   'std::begin'
   template<typename _Tp> const _Tp* begin(const valarray<_Tp>&);
                                     ^~~~~
C:\Users\User\OneDrive - LP Industries\Documents\Limon\Projects\CompileOne\Temp\compileone_source.cpp:63:20: error: 'end' was not declared in this scope
     for (auto& t : threads) {
                    ^~~~~~~
C:\Users\User\OneDrive - LP Industries\Documents\Limon\Projects\CompileOne\Temp\compileone_source.cpp:63:20: note: suggested alternative:
In file included from c:\mingw\lib\gcc\mingw32\6.3.0\include\c++\string:51:0,
                 from c:\mingw\lib\gcc\mingw32\6.3.0\include\c++\bits\locale_classes.h:40,
                 from c:\mingw\lib\gcc\mingw32\6.3.0\include\c++\bits\ios_base.h:41,
                 from c:\mingw\lib\gcc\mingw32\6.3.0\include\c++\ios:42,
                 from c:\mingw\lib\gcc\mingw32\6.3.0\include\c++\ostream:38,
                 from c:\mingw\lib\gcc\mingw32\6.3.0\include\c++\iostream:39,
                 from C:\Users\User\OneDrive - LP Industries\Documents\Limon\Projects\CompileOne\Temp\compileone_source.cpp:1:
c:\mingw\lib\gcc\mingw32\6.3.0\include\c++\bits\range_access.h:107:37: note:   'std::end'
   template<typename _Tp> const _Tp* end(const valarray<_Tp>&);
                                     ^~~
2026-08-08 15:10:15,289 DEBUG    compileone.backend: backend: C:\Users\User\OneDrive - LP Industries\Documents\Limon\Projects\CompileOne\build\compileone.exe lex --input C:\Users\User\OneDrive - LP Industries\Documents\Limon\Projects\CompileOne\Temp\compileone_source.cpp --output C:\Users\User\OneDrive - LP Industries\Documents\Limon\Projects\CompileOne\Temp\token_stream.json --language c++
2026-08-08 15:10:15,327 INFO     compileone.backend: backend[lex]: lex: 519 tokens, 1 errors, 17.00 ms -> C:\Users\User\OneDrive - LP Industries\Documents\Limon\Projects\CompileOne\Temp\token_stream.json
2026-08-08 15:10:15,363 DEBUG    compileone.store: artifact saved: C:\Users\User\OneDrive - LP Industries\Documents\Limon\Projects\CompileOne\Temp\token_stream.json
2026-08-08 15:10:15,367 INFO     compileone.orchestrator: compile_all: 1 phases run, 1 diagnostic(s)
2026-08-08 15:10:15,385 INFO     compileone.token_view: token view: 519 token(s), 1 error(s)
2026-08-08 15:10:17,774 DEBUG    compileone.backend: backend: C:\Users\User\OneDrive - LP Industries\Documents\Limon\Projects\CompileOne\build\compileone.exe lex --input C:\Users\User\OneDrive - LP Industries\Documents\Limon\Projects\CompileOne\Temp\compileone_source.cpp --output C:\Users\User\OneDrive - LP Industries\Documents\Limon\Projects\CompileOne\Temp\token_stream.json --language c++
2026-08-08 15:10:17,807 INFO     compileone.backend: backend[lex]: lex: 521 tokens, 1 errors, 11.00 ms -> C:\Users\User\OneDrive - LP Industries\Documents\Limon\Projects\CompileOne\Temp\token_stream.json
2026-08-08 15:10:17,836 DEBUG    compileone.store: artifact saved: C:\Users\User\OneDrive - LP Industries\Documents\Limon\Projects\CompileOne\Temp\token_stream.json
2026-08-08 15:10:17,839 INFO     compileone.orchestrator: compile_all: 1 phases run, 1 diagnostic(s)
2026-08-08 15:10:17,861 INFO     compileone.token_view: token view: 521 token(s), 1 error(s)
2026-08-08 15:10:19,772 DEBUG    compileone.backend: backend: C:\Users\User\OneDrive - LP Industries\Documents\Limon\Projects\CompileOne\build\compileone.exe lex --input C:\Users\User\OneDrive - LP Industries\Documents\Limon\Projects\CompileOne\Temp\compileone_source.cpp --output C:\Users\User\OneDrive - LP Industries\Documents\Limon\Projects\CompileOne\Temp\token_stream.json --language c++
2026-08-08 15:10:19,813 INFO     compileone.backend: backend[lex]: lex: 519 tokens, 0 errors, 26.00 ms -> C:\Users\User\OneDrive - LP Industries\Documents\Limon\Projects\CompileOne\Temp\token_stream.json
2026-08-08 15:10:19,843 DEBUG    compileone.store: artifact saved: C:\Users\User\OneDrive - LP Industries\Documents\Limon\Projects\CompileOne\Temp\token_stream.json
2026-08-08 15:10:19,847 INFO     compileone.orchestrator: compile_all: 1 phases run, 0 diagnostic(s)
2026-08-08 15:10:20,756 DEBUG    compileone.backend: backend: C:\Users\User\OneDrive - LP Industries\Documents\Limon\Projects\CompileOne\build\compileone.exe lex --input C:\Users\User\OneDrive - LP Industries\Documents\Limon\Projects\CompileOne\Temp\compileone_source.cpp --output C:\Users\User\OneDrive - LP Industries\Documents\Limon\Projects\CompileOne\Temp\token_stream.json --language c++
2026-08-08 15:10:20,790 INFO     compileone.backend: backend[lex]: lex: 521 tokens, 0 errors, 22.00 ms -> C:\Users\User\OneDrive - LP Industries\Documents\Limon\Projects\CompileOne\Temp\token_stream.json
2026-08-08 15:10:20,820 DEBUG    compileone.store: artifact saved: C:\Users\User\OneDrive - LP Industries\Documents\Limon\Projects\CompileOne\Temp\token_stream.json
2026-08-08 15:10:20,822 INFO     compileone.orchestrator: compile_all: 1 phases run, 0 diagnostic(s)
2026-08-08 15:10:26,804 DEBUG    compileone.backend: backend: C:\Users\User\OneDrive - LP Industries\Documents\Limon\Projects\CompileOne\build\compileone.exe lex --input C:\Users\User\OneDrive - LP Industries\Documents\Limon\Projects\CompileOne\Temp\compileone_source.cpp --output C:\Users\User\OneDrive - LP Industries\Documents\Limon\Projects\CompileOne\Temp\token_stream.json --language c++
2026-08-08 15:10:26,819 INFO     compileone.backend: backend[lex]: lex: 521 tokens, 0 errors, 2.00 ms -> C:\Users\User\OneDrive - LP Industries\Documents\Limon\Projects\CompileOne\Temp\token_stream.json
2026-08-08 15:10:26,854 DEBUG    compileone.store: artifact saved: C:\Users\User\OneDrive - LP Industries\Documents\Limon\Projects\CompileOne\Temp\token_stream.json
2026-08-08 15:10:26,857 INFO     compileone.orchestrator: compile_all: 1 phases run, 0 diagnostic(s)
2026-08-08 15:10:28,448 DEBUG    compileone.orchestrator: native compile: C:\MinGW\bin\g++.EXE -o C:\Users\User\OneDrive - LP Industries\Documents\Limon\Projects\CompileOne\Temp\compileone_source.exe C:\Users\User\OneDrive - LP Industries\Documents\Limon\Projects\CompileOne\Temp\compileone_source.cpp -g
2026-08-08 15:10:28,914 ERROR    compileone.orchestrator: native compile failed:
C:\Users\User\OneDrive - LP Industries\Documents\Limon\Projects\CompileOne\Temp\compileone_source.cpp: In function 'int main()':
C:\Users\User\OneDrive - LP Industries\Documents\Limon\Projects\CompileOne\Temp\compileone_source.cpp:23:40: error: expected unqualified-id before numeric constant
     const unsigned long long LIMIT = 5,000,000; // Limit for our research search space
                                        ^~~
C:\Users\User\OneDrive - LP Industries\Documents\Limon\Projects\CompileOne\Temp\compileone_source.cpp:24:43: error: 'std::thread' has not been declared
     const unsigned int NUM_THREADS = std::thread::hardware_concurrency(); // Detect CPU Cores
                                           ^~~~~~
C:\Users\User\OneDrive - LP Industries\Documents\Limon\Projects\CompileOne\Temp\compileone_source.cpp:29:5: error: 'mutex' is not a member of 'std'
     std::mutex vector_mutex;                           // Mutex to protect the shared vector
     ^~~
C:\Users\User\OneDrive - LP Industries\Documents\Limon\Projects\CompileOne\Temp\compileone_source.cpp: In lambda function:
C:\Users\User\OneDrive - LP Industries\Documents\Limon\Projects\CompileOne\Temp\compileone_source.cpp:51:25: error: 'mutex' is not a member of 'std'
         std::lock_guard<std::mutex> lock(vector_mutex);
                         ^~~
C:\Users\User\OneDrive - LP Industries\Documents\Limon\Projects\CompileOne\Temp\compileone_source.cpp:51:25: error: 'mutex' is not a member of 'std'
C:\Users\User\OneDrive - LP Industries\Documents\Limon\Projects\CompileOne\Temp\compileone_source.cpp:51:35: error: template argument 1 is invalid
         std::lock_guard<std::mutex> lock(vector_mutex);
                                   ^
C:\Users\User\OneDrive - LP Industries\Documents\Limon\Projects\CompileOne\Temp\compileone_source.cpp:51:42: error: 'vector_mutex' was not declared in this scope
         std::lock_guard<std::mutex> lock(vector_mutex);
                                          ^~~~~~~~~~~~
C:\Users\User\OneDrive - LP Industries\Documents\Limon\Projects\CompileOne\Temp\compileone_source.cpp: In function 'int main()':
C:\Users\User\OneDrive - LP Industries\Documents\Limon\Projects\CompileOne\Temp\compileone_source.cpp:57:17: error: 'thread' is not a member of 'std'
     std::vector<std::thread> threads;
                 ^~~
C:\Users\User\OneDrive - LP Industries\Documents\Limon\Projects\CompileOne\Temp\compileone_source.cpp:57:17: error: 'thread' is not a member of 'std'
C:\Users\User\OneDrive - LP Industries\Documents\Limon\Projects\CompileOne\Temp\compileone_source.cpp:57:28: error: template argument 1 is invalid
     std::vector<std::thread> threads;
                            ^
C:\Users\User\OneDrive - LP Industries\Documents\Limon\Projects\CompileOne\Temp\compileone_source.cpp:57:28: error: template argument 2 is invalid
C:\Users\User\OneDrive - LP Industries\Documents\Limon\Projects\CompileOne\Temp\compileone_source.cpp:59:17: error: request for member 'emplace_back' in 'threads', which is of non-class type 'int'
         threads.emplace_back(worker);
                 ^~~~~~~~~~~~
C:\Users\User\OneDrive - LP Industries\Documents\Limon\Projects\CompileOne\Temp\compileone_source.cpp:63:20: error: 'begin' was not declared in this scope
     for (auto& t : threads) {
                    ^~~~~~~
C:\Users\User\OneDrive - LP Industries\Documents\Limon\Projects\CompileOne\Temp\compileone_source.cpp:63:20: note: suggested alternative:
In file included from c:\mingw\lib\gcc\mingw32\6.3.0\include\c++\string:51:0,
                 from c:\mingw\lib\gcc\mingw32\6.3.0\include\c++\bits\locale_classes.h:40,
                 from c:\mingw\lib\gcc\mingw32\6.3.0\include\c++\bits\ios_base.h:41,
                 from c:\mingw\lib\gcc\mingw32\6.3.0\include\c++\ios:42,
                 from c:\mingw\lib\gcc\mingw32\6.3.0\include\c++\ostream:38,
                 from c:\mingw\lib\gcc\mingw32\6.3.0\include\c++\iostream:39,
                 from C:\Users\User\OneDrive - LP Industries\Documents\Limon\Projects\CompileOne\Temp\compileone_source.cpp:1:
c:\mingw\lib\gcc\mingw32\6.3.0\include\c++\bits\range_access.h:105:37: note:   'std::begin'
   template<typename _Tp> const _Tp* begin(const valarray<_Tp>&);
                                     ^~~~~
C:\Users\User\OneDrive - LP Industries\Documents\Limon\Projects\CompileOne\Temp\compileone_source.cpp:63:20: error: 'end' was not declared in this scope
     for (auto& t : threads) {
                    ^~~~~~~
C:\Users\User\OneDrive - LP Industries\Documents\Limon\Projects\CompileOne\Temp\compileone_source.cpp:63:20: note: suggested alternative:
In file included from c:\mingw\lib\gcc\mingw32\6.3.0\include\c++\string:51:0,
                 from c:\mingw\lib\gcc\mingw32\6.3.0\include\c++\bits\locale_classes.h:40,
                 from c:\mingw\lib\gcc\mingw32\6.3.0\include\c++\bits\ios_base.h:41,
                 from c:\mingw\lib\gcc\mingw32\6.3.0\include\c++\ios:42,
                 from c:\mingw\lib\gcc\mingw32\6.3.0\include\c++\ostream:38,
                 from c:\mingw\lib\gcc\mingw32\6.3.0\include\c++\iostream:39,
                 from C:\Users\User\OneDrive - LP Industries\Documents\Limon\Projects\CompileOne\Temp\compileone_source.cpp:1:
c:\mingw\lib\gcc\mingw32\6.3.0\include\c++\bits\range_access.h:107:37: note:   'std::end'
   template<typename _Tp> const _Tp* end(const valarray<_Tp>&);
                                     ^~~
2026-08-08 15:10:44,428 DEBUG    compileone.orchestrator: native compile: C:\MinGW\bin\g++.EXE -o C:\Users\User\OneDrive - LP Industries\Documents\Limon\Projects\CompileOne\Temp\compileone_source.exe C:\Users\User\OneDrive - LP Industries\Documents\Limon\Projects\CompileOne\Temp\compileone_source.cpp -g
2026-08-08 15:10:44,968 ERROR    compileone.orchestrator: native compile failed:
C:\Users\User\OneDrive - LP Industries\Documents\Limon\Projects\CompileOne\Temp\compileone_source.cpp: In function 'int main()':
C:\Users\User\OneDrive - LP Industries\Documents\Limon\Projects\CompileOne\Temp\compileone_source.cpp:23:40: error: expected unqualified-id before numeric constant
     const unsigned long long LIMIT = 5,000,000; // Limit for our research search space
                                        ^~~
C:\Users\User\OneDrive - LP Industries\Documents\Limon\Projects\CompileOne\Temp\compileone_source.cpp:24:43: error: 'std::thread' has not been declared
     const unsigned int NUM_THREADS = std::thread::hardware_concurrency(); // Detect CPU Cores
                                           ^~~~~~
C:\Users\User\OneDrive - LP Industries\Documents\Limon\Projects\CompileOne\Temp\compileone_source.cpp:29:5: error: 'mutex' is not a member of 'std'
     std::mutex vector_mutex;                           // Mutex to protect the shared vector
     ^~~
C:\Users\User\OneDrive - LP Industries\Documents\Limon\Projects\CompileOne\Temp\compileone_source.cpp: In lambda function:
C:\Users\User\OneDrive - LP Industries\Documents\Limon\Projects\CompileOne\Temp\compileone_source.cpp:51:25: error: 'mutex' is not a member of 'std'
         std::lock_guard<std::mutex> lock(vector_mutex);
                         ^~~
C:\Users\User\OneDrive - LP Industries\Documents\Limon\Projects\CompileOne\Temp\compileone_source.cpp:51:25: error: 'mutex' is not a member of 'std'
C:\Users\User\OneDrive - LP Industries\Documents\Limon\Projects\CompileOne\Temp\compileone_source.cpp:51:35: error: template argument 1 is invalid
         std::lock_guard<std::mutex> lock(vector_mutex);
                                   ^
C:\Users\User\OneDrive - LP Industries\Documents\Limon\Projects\CompileOne\Temp\compileone_source.cpp:51:42: error: 'vector_mutex' was not declared in this scope
         std::lock_guard<std::mutex> lock(vector_mutex);
                                          ^~~~~~~~~~~~
C:\Users\User\OneDrive - LP Industries\Documents\Limon\Projects\CompileOne\Temp\compileone_source.cpp: In function 'int main()':
C:\Users\User\OneDrive - LP Industries\Documents\Limon\Projects\CompileOne\Temp\compileone_source.cpp:57:17: error: 'thread' is not a member of 'std'
     std::vector<std::thread> threads;
                 ^~~
C:\Users\User\OneDrive - LP Industries\Documents\Limon\Projects\CompileOne\Temp\compileone_source.cpp:57:17: error: 'thread' is not a member of 'std'
C:\Users\User\OneDrive - LP Industries\Documents\Limon\Projects\CompileOne\Temp\compileone_source.cpp:57:28: error: template argument 1 is invalid
     std::vector<std::thread> threads;
                            ^
C:\Users\User\OneDrive - LP Industries\Documents\Limon\Projects\CompileOne\Temp\compileone_source.cpp:57:28: error: template argument 2 is invalid
C:\Users\User\OneDrive - LP Industries\Documents\Limon\Projects\CompileOne\Temp\compileone_source.cpp:59:17: error: request for member 'emplace_back' in 'threads', which is of non-class type 'int'
         threads.emplace_back(worker);
                 ^~~~~~~~~~~~
C:\Users\User\OneDrive - LP Industries\Documents\Limon\Projects\CompileOne\Temp\compileone_source.cpp:63:20: error: 'begin' was not declared in this scope
     for (auto& t : threads) {
                    ^~~~~~~
C:\Users\User\OneDrive - LP Industries\Documents\Limon\Projects\CompileOne\Temp\compileone_source.cpp:63:20: note: suggested alternative:
In file included from c:\mingw\lib\gcc\mingw32\6.3.0\include\c++\string:51:0,
                 from c:\mingw\lib\gcc\mingw32\6.3.0\include\c++\bits\locale_classes.h:40,
                 from c:\mingw\lib\gcc\mingw32\6.3.0\include\c++\bits\ios_base.h:41,
                 from c:\mingw\lib\gcc\mingw32\6.3.0\include\c++\ios:42,
                 from c:\mingw\lib\gcc\mingw32\6.3.0\include\c++\ostream:38,
                 from c:\mingw\lib\gcc\mingw32\6.3.0\include\c++\iostream:39,
                 from C:\Users\User\OneDrive - LP Industries\Documents\Limon\Projects\CompileOne\Temp\compileone_source.cpp:1:
c:\mingw\lib\gcc\mingw32\6.3.0\include\c++\bits\range_access.h:105:37: note:   'std::begin'
   template<typename _Tp> const _Tp* begin(const valarray<_Tp>&);
                                     ^~~~~
C:\Users\User\OneDrive - LP Industries\Documents\Limon\Projects\CompileOne\Temp\compileone_source.cpp:63:20: error: 'end' was not declared in this scope
     for (auto& t : threads) {
                    ^~~~~~~
C:\Users\User\OneDrive - LP Industries\Documents\Limon\Projects\CompileOne\Temp\compileone_source.cpp:63:20: note: suggested alternative:
In file included from c:\mingw\lib\gcc\mingw32\6.3.0\include\c++\string:51:0,
                 from c:\mingw\lib\gcc\mingw32\6.3.0\include\c++\bits\locale_classes.h:40,
                 from c:\mingw\lib\gcc\mingw32\6.3.0\include\c++\bits\ios_base.h:41,
                 from c:\mingw\lib\gcc\mingw32\6.3.0\include\c++\ios:42,
                 from c:\mingw\lib\gcc\mingw32\6.3.0\include\c++\ostream:38,
                 from c:\mingw\lib\gcc\mingw32\6.3.0\include\c++\iostream:39,
                 from C:\Users\User\OneDrive - LP Industries\Documents\Limon\Projects\CompileOne\Temp\compileone_source.cpp:1:
c:\mingw\lib\gcc\mingw32\6.3.0\include\c++\bits\range_access.h:107:37: note:   'std::end'
   template<typename _Tp> const _Tp* end(const valarray<_Tp>&);
                                     ^~~
2026-08-08 15:10:44,977 DEBUG    compileone.orchestrator: native compile: C:\MinGW\bin\g++.EXE -o C:\Users\User\OneDrive - LP Industries\Documents\Limon\Projects\CompileOne\Temp\compileone_source.exe C:\Users\User\OneDrive - LP Industries\Documents\Limon\Projects\CompileOne\Temp\compileone_source.cpp -g
2026-08-08 15:10:45,484 ERROR    compileone.orchestrator: native compile failed:
C:\Users\User\OneDrive - LP Industries\Documents\Limon\Projects\CompileOne\Temp\compileone_source.cpp: In function 'int main()':
C:\Users\User\OneDrive - LP Industries\Documents\Limon\Projects\CompileOne\Temp\compileone_source.cpp:23:40: error: expected unqualified-id before numeric constant
     const unsigned long long LIMIT = 5,000,000; // Limit for our research search space
                                        ^~~
C:\Users\User\OneDrive - LP Industries\Documents\Limon\Projects\CompileOne\Temp\compileone_source.cpp:24:43: error: 'std::thread' has not been declared
     const unsigned int NUM_THREADS = std::thread::hardware_concurrency(); // Detect CPU Cores
                                           ^~~~~~
C:\Users\User\OneDrive - LP Industries\Documents\Limon\Projects\CompileOne\Temp\compileone_source.cpp:29:5: error: 'mutex' is not a member of 'std'
     std::mutex vector_mutex;                           // Mutex to protect the shared vector
     ^~~
C:\Users\User\OneDrive - LP Industries\Documents\Limon\Projects\CompileOne\Temp\compileone_source.cpp: In lambda function:
C:\Users\User\OneDrive - LP Industries\Documents\Limon\Projects\CompileOne\Temp\compileone_source.cpp:51:25: error: 'mutex' is not a member of 'std'
         std::lock_guard<std::mutex> lock(vector_mutex);
                         ^~~
C:\Users\User\OneDrive - LP Industries\Documents\Limon\Projects\CompileOne\Temp\compileone_source.cpp:51:25: error: 'mutex' is not a member of 'std'
C:\Users\User\OneDrive - LP Industries\Documents\Limon\Projects\CompileOne\Temp\compileone_source.cpp:51:35: error: template argument 1 is invalid
         std::lock_guard<std::mutex> lock(vector_mutex);
                                   ^
C:\Users\User\OneDrive - LP Industries\Documents\Limon\Projects\CompileOne\Temp\compileone_source.cpp:51:42: error: 'vector_mutex' was not declared in this scope
         std::lock_guard<std::mutex> lock(vector_mutex);
                                          ^~~~~~~~~~~~
C:\Users\User\OneDrive - LP Industries\Documents\Limon\Projects\CompileOne\Temp\compileone_source.cpp: In function 'int main()':
C:\Users\User\OneDrive - LP Industries\Documents\Limon\Projects\CompileOne\Temp\compileone_source.cpp:57:17: error: 'thread' is not a member of 'std'
     std::vector<std::thread> threads;
                 ^~~
C:\Users\User\OneDrive - LP Industries\Documents\Limon\Projects\CompileOne\Temp\compileone_source.cpp:57:17: error: 'thread' is not a member of 'std'
C:\Users\User\OneDrive - LP Industries\Documents\Limon\Projects\CompileOne\Temp\compileone_source.cpp:57:28: error: template argument 1 is invalid
     std::vector<std::thread> threads;
                            ^
C:\Users\User\OneDrive - LP Industries\Documents\Limon\Projects\CompileOne\Temp\compileone_source.cpp:57:28: error: template argument 2 is invalid
C:\Users\User\OneDrive - LP Industries\Documents\Limon\Projects\CompileOne\Temp\compileone_source.cpp:59:17: error: request for member 'emplace_back' in 'threads', which is of non-class type 'int'
         threads.emplace_back(worker);
                 ^~~~~~~~~~~~
C:\Users\User\OneDrive - LP Industries\Documents\Limon\Projects\CompileOne\Temp\compileone_source.cpp:63:20: error: 'begin' was not declared in this scope
     for (auto& t : threads) {
                    ^~~~~~~
C:\Users\User\OneDrive - LP Industries\Documents\Limon\Projects\CompileOne\Temp\compileone_source.cpp:63:20: note: suggested alternative:
In file included from c:\mingw\lib\gcc\mingw32\6.3.0\include\c++\string:51:0,
                 from c:\mingw\lib\gcc\mingw32\6.3.0\include\c++\bits\locale_classes.h:40,
                 from c:\mingw\lib\gcc\mingw32\6.3.0\include\c++\bits\ios_base.h:41,
                 from c:\mingw\lib\gcc\mingw32\6.3.0\include\c++\ios:42,
                 from c:\mingw\lib\gcc\mingw32\6.3.0\include\c++\ostream:38,
                 from c:\mingw\lib\gcc\mingw32\6.3.0\include\c++\iostream:39,
                 from C:\Users\User\OneDrive - LP Industries\Documents\Limon\Projects\CompileOne\Temp\compileone_source.cpp:1:
c:\mingw\lib\gcc\mingw32\6.3.0\include\c++\bits\range_access.h:105:37: note:   'std::begin'
   template<typename _Tp> const _Tp* begin(const valarray<_Tp>&);
                                     ^~~~~
C:\Users\User\OneDrive - LP Industries\Documents\Limon\Projects\CompileOne\Temp\compileone_source.cpp:63:20: error: 'end' was not declared in this scope
     for (auto& t : threads) {
                    ^~~~~~~
C:\Users\User\OneDrive - LP Industries\Documents\Limon\Projects\CompileOne\Temp\compileone_source.cpp:63:20: note: suggested alternative:
In file included from c:\mingw\lib\gcc\mingw32\6.3.0\include\c++\string:51:0,
                 from c:\mingw\lib\gcc\mingw32\6.3.0\include\c++\bits\locale_classes.h:40,
                 from c:\mingw\lib\gcc\mingw32\6.3.0\include\c++\bits\ios_base.h:41,
                 from c:\mingw\lib\gcc\mingw32\6.3.0\include\c++\ios:42,
                 from c:\mingw\lib\gcc\mingw32\6.3.0\include\c++\ostream:38,
                 from c:\mingw\lib\gcc\mingw32\6.3.0\include\c++\iostream:39,
                 from C:\Users\User\OneDrive - LP Industries\Documents\Limon\Projects\CompileOne\Temp\compileone_source.cpp:1:
c:\mingw\lib\gcc\mingw32\6.3.0\include\c++\bits\range_access.h:107:37: note:   'std::end'
   template<typename _Tp> const _Tp* end(const valarray<_Tp>&);
                                     ^~~
2026-08-08 15:10:45,488 DEBUG    compileone.orchestrator: native compile: C:\MinGW\bin\g++.EXE -o C:\Users\User\OneDrive - LP Industries\Documents\Limon\Projects\CompileOne\Temp\compileone_source.exe C:\Users\User\OneDrive - LP Industries\Documents\Limon\Projects\CompileOne\Temp\compileone_source.cpp -g
2026-08-08 15:10:45,959 ERROR    compileone.orchestrator: native compile failed:
C:\Users\User\OneDrive - LP Industries\Documents\Limon\Projects\CompileOne\Temp\compileone_source.cpp: In function 'int main()':
C:\Users\User\OneDrive - LP Industries\Documents\Limon\Projects\CompileOne\Temp\compileone_source.cpp:23:40: error: expected unqualified-id before numeric constant
     const unsigned long long LIMIT = 5,000,000; // Limit for our research search space
                                        ^~~
C:\Users\User\OneDrive - LP Industries\Documents\Limon\Projects\CompileOne\Temp\compileone_source.cpp:24:43: error: 'std::thread' has not been declared
     const unsigned int NUM_THREADS = std::thread::hardware_concurrency(); // Detect CPU Cores
                                           ^~~~~~
C:\Users\User\OneDrive - LP Industries\Documents\Limon\Projects\CompileOne\Temp\compileone_source.cpp:29:5: error: 'mutex' is not a member of 'std'
     std::mutex vector_mutex;                           // Mutex to protect the shared vector
     ^~~
C:\Users\User\OneDrive - LP Industries\Documents\Limon\Projects\CompileOne\Temp\compileone_source.cpp: In lambda function:
C:\Users\User\OneDrive - LP Industries\Documents\Limon\Projects\CompileOne\Temp\compileone_source.cpp:51:25: error: 'mutex' is not a member of 'std'
         std::lock_guard<std::mutex> lock(vector_mutex);
                         ^~~
C:\Users\User\OneDrive - LP Industries\Documents\Limon\Projects\CompileOne\Temp\compileone_source.cpp:51:25: error: 'mutex' is not a member of 'std'
C:\Users\User\OneDrive - LP Industries\Documents\Limon\Projects\CompileOne\Temp\compileone_source.cpp:51:35: error: template argument 1 is invalid
         std::lock_guard<std::mutex> lock(vector_mutex);
                                   ^
C:\Users\User\OneDrive - LP Industries\Documents\Limon\Projects\CompileOne\Temp\compileone_source.cpp:51:42: error: 'vector_mutex' was not declared in this scope
         std::lock_guard<std::mutex> lock(vector_mutex);
                                          ^~~~~~~~~~~~
C:\Users\User\OneDrive - LP Industries\Documents\Limon\Projects\CompileOne\Temp\compileone_source.cpp: In function 'int main()':
C:\Users\User\OneDrive - LP Industries\Documents\Limon\Projects\CompileOne\Temp\compileone_source.cpp:57:17: error: 'thread' is not a member of 'std'
     std::vector<std::thread> threads;
                 ^~~
C:\Users\User\OneDrive - LP Industries\Documents\Limon\Projects\CompileOne\Temp\compileone_source.cpp:57:17: error: 'thread' is not a member of 'std'
C:\Users\User\OneDrive - LP Industries\Documents\Limon\Projects\CompileOne\Temp\compileone_source.cpp:57:28: error: template argument 1 is invalid
     std::vector<std::thread> threads;
                            ^
C:\Users\User\OneDrive - LP Industries\Documents\Limon\Projects\CompileOne\Temp\compileone_source.cpp:57:28: error: template argument 2 is invalid
C:\Users\User\OneDrive - LP Industries\Documents\Limon\Projects\CompileOne\Temp\compileone_source.cpp:59:17: error: request for member 'emplace_back' in 'threads', which is of non-class type 'int'
         threads.emplace_back(worker);
                 ^~~~~~~~~~~~
C:\Users\User\OneDrive - LP Industries\Documents\Limon\Projects\CompileOne\Temp\compileone_source.cpp:63:20: error: 'begin' was not declared in this scope
     for (auto& t : threads) {
                    ^~~~~~~
C:\Users\User\OneDrive - LP Industries\Documents\Limon\Projects\CompileOne\Temp\compileone_source.cpp:63:20: note: suggested alternative:
In file included from c:\mingw\lib\gcc\mingw32\6.3.0\include\c++\string:51:0,
                 from c:\mingw\lib\gcc\mingw32\6.3.0\include\c++\bits\locale_classes.h:40,
                 from c:\mingw\lib\gcc\mingw32\6.3.0\include\c++\bits\ios_base.h:41,
                 from c:\mingw\lib\gcc\mingw32\6.3.0\include\c++\ios:42,
                 from c:\mingw\lib\gcc\mingw32\6.3.0\include\c++\ostream:38,
                 from c:\mingw\lib\gcc\mingw32\6.3.0\include\c++\iostream:39,
                 from C:\Users\User\OneDrive - LP Industries\Documents\Limon\Projects\CompileOne\Temp\compileone_source.cpp:1:
c:\mingw\lib\gcc\mingw32\6.3.0\include\c++\bits\range_access.h:105:37: note:   'std::begin'
   template<typename _Tp> const _Tp* begin(const valarray<_Tp>&);
                                     ^~~~~
C:\Users\User\OneDrive - LP Industries\Documents\Limon\Projects\CompileOne\Temp\compileone_source.cpp:63:20: error: 'end' was not declared in this scope
     for (auto& t : threads) {
                    ^~~~~~~
C:\Users\User\OneDrive - LP Industries\Documents\Limon\Projects\CompileOne\Temp\compileone_source.cpp:63:20: note: suggested alternative:
In file included from c:\mingw\lib\gcc\mingw32\6.3.0\include\c++\string:51:0,
                 from c:\mingw\lib\gcc\mingw32\6.3.0\include\c++\bits\locale_classes.h:40,
                 from c:\mingw\lib\gcc\mingw32\6.3.0\include\c++\bits\ios_base.h:41,
                 from c:\mingw\lib\gcc\mingw32\6.3.0\include\c++\ios:42,
                 from c:\mingw\lib\gcc\mingw32\6.3.0\include\c++\ostream:38,
                 from c:\mingw\lib\gcc\mingw32\6.3.0\include\c++\iostream:39,
                 from C:\Users\User\OneDrive - LP Industries\Documents\Limon\Projects\CompileOne\Temp\compileone_source.cpp:1:
c:\mingw\lib\gcc\mingw32\6.3.0\include\c++\bits\range_access.h:107:37: note:   'std::end'
   template<typename _Tp> const _Tp* end(const valarray<_Tp>&);
                                     ^~~
2026-08-08 15:10:45,965 DEBUG    compileone.orchestrator: native compile: C:\MinGW\bin\g++.EXE -o C:\Users\User\OneDrive - LP Industries\Documents\Limon\Projects\CompileOne\Temp\compileone_source.exe C:\Users\User\OneDrive - LP Industries\Documents\Limon\Projects\CompileOne\Temp\compileone_source.cpp -g
2026-08-08 15:10:46,433 ERROR    compileone.orchestrator: native compile failed:
C:\Users\User\OneDrive - LP Industries\Documents\Limon\Projects\CompileOne\Temp\compileone_source.cpp: In function 'int main()':
C:\Users\User\OneDrive - LP Industries\Documents\Limon\Projects\CompileOne\Temp\compileone_source.cpp:23:40: error: expected unqualified-id before numeric constant
     const unsigned long long LIMIT = 5,000,000; // Limit for our research search space
                                        ^~~
C:\Users\User\OneDrive - LP Industries\Documents\Limon\Projects\CompileOne\Temp\compileone_source.cpp:24:43: error: 'std::thread' has not been declared
     const unsigned int NUM_THREADS = std::thread::hardware_concurrency(); // Detect CPU Cores
                                           ^~~~~~
C:\Users\User\OneDrive - LP Industries\Documents\Limon\Projects\CompileOne\Temp\compileone_source.cpp:29:5: error: 'mutex' is not a member of 'std'
     std::mutex vector_mutex;                           // Mutex to protect the shared vector
     ^~~
C:\Users\User\OneDrive - LP Industries\Documents\Limon\Projects\CompileOne\Temp\compileone_source.cpp: In lambda function:
C:\Users\User\OneDrive - LP Industries\Documents\Limon\Projects\CompileOne\Temp\compileone_source.cpp:51:25: error: 'mutex' is not a member of 'std'
         std::lock_guard<std::mutex> lock(vector_mutex);
                         ^~~
C:\Users\User\OneDrive - LP Industries\Documents\Limon\Projects\CompileOne\Temp\compileone_source.cpp:51:25: error: 'mutex' is not a member of 'std'
C:\Users\User\OneDrive - LP Industries\Documents\Limon\Projects\CompileOne\Temp\compileone_source.cpp:51:35: error: template argument 1 is invalid
         std::lock_guard<std::mutex> lock(vector_mutex);
                                   ^
C:\Users\User\OneDrive - LP Industries\Documents\Limon\Projects\CompileOne\Temp\compileone_source.cpp:51:42: error: 'vector_mutex' was not declared in this scope
         std::lock_guard<std::mutex> lock(vector_mutex);
                                          ^~~~~~~~~~~~
C:\Users\User\OneDrive - LP Industries\Documents\Limon\Projects\CompileOne\Temp\compileone_source.cpp: In function 'int main()':
C:\Users\User\OneDrive - LP Industries\Documents\Limon\Projects\CompileOne\Temp\compileone_source.cpp:57:17: error: 'thread' is not a member of 'std'
     std::vector<std::thread> threads;
                 ^~~
C:\Users\User\OneDrive - LP Industries\Documents\Limon\Projects\CompileOne\Temp\compileone_source.cpp:57:17: error: 'thread' is not a member of 'std'
C:\Users\User\OneDrive - LP Industries\Documents\Limon\Projects\CompileOne\Temp\compileone_source.cpp:57:28: error: template argument 1 is invalid
     std::vector<std::thread> threads;
                            ^
C:\Users\User\OneDrive - LP Industries\Documents\Limon\Projects\CompileOne\Temp\compileone_source.cpp:57:28: error: template argument 2 is invalid
C:\Users\User\OneDrive - LP Industries\Documents\Limon\Projects\CompileOne\Temp\compileone_source.cpp:59:17: error: request for member 'emplace_back' in 'threads', which is of non-class type 'int'
         threads.emplace_back(worker);
                 ^~~~~~~~~~~~
C:\Users\User\OneDrive - LP Industries\Documents\Limon\Projects\CompileOne\Temp\compileone_source.cpp:63:20: error: 'begin' was not declared in this scope
     for (auto& t : threads) {
                    ^~~~~~~
C:\Users\User\OneDrive - LP Industries\Documents\Limon\Projects\CompileOne\Temp\compileone_source.cpp:63:20: note: suggested alternative:
In file included from c:\mingw\lib\gcc\mingw32\6.3.0\include\c++\string:51:0,
                 from c:\mingw\lib\gcc\mingw32\6.3.0\include\c++\bits\locale_classes.h:40,
                 from c:\mingw\lib\gcc\mingw32\6.3.0\include\c++\bits\ios_base.h:41,
                 from c:\mingw\lib\gcc\mingw32\6.3.0\include\c++\ios:42,
                 from c:\mingw\lib\gcc\mingw32\6.3.0\include\c++\ostream:38,
                 from c:\mingw\lib\gcc\mingw32\6.3.0\include\c++\iostream:39,
                 from C:\Users\User\OneDrive - LP Industries\Documents\Limon\Projects\CompileOne\Temp\compileone_source.cpp:1:
c:\mingw\lib\gcc\mingw32\6.3.0\include\c++\bits\range_access.h:105:37: note:   'std::begin'
   template<typename _Tp> const _Tp* begin(const valarray<_Tp>&);
                                     ^~~~~
C:\Users\User\OneDrive - LP Industries\Documents\Limon\Projects\CompileOne\Temp\compileone_source.cpp:63:20: error: 'end' was not declared in this scope
     for (auto& t : threads) {
                    ^~~~~~~
C:\Users\User\OneDrive - LP Industries\Documents\Limon\Projects\CompileOne\Temp\compileone_source.cpp:63:20: note: suggested alternative:
In file included from c:\mingw\lib\gcc\mingw32\6.3.0\include\c++\string:51:0,
                 from c:\mingw\lib\gcc\mingw32\6.3.0\include\c++\bits\locale_classes.h:40,
                 from c:\mingw\lib\gcc\mingw32\6.3.0\include\c++\bits\ios_base.h:41,
                 from c:\mingw\lib\gcc\mingw32\6.3.0\include\c++\ios:42,
                 from c:\mingw\lib\gcc\mingw32\6.3.0\include\c++\ostream:38,
                 from c:\mingw\lib\gcc\mingw32\6.3.0\include\c++\iostream:39,
                 from C:\Users\User\OneDrive - LP Industries\Documents\Limon\Projects\CompileOne\Temp\compileone_source.cpp:1:
c:\mingw\lib\gcc\mingw32\6.3.0\include\c++\bits\range_access.h:107:37: note:   'std::end'
   template<typename _Tp> const _Tp* end(const valarray<_Tp>&);
                                     ^~~
2026-08-08 15:41:24,165 DEBUG    compileone.theme: applied stylesheet C:\Users\User\OneDrive - LP Industries\Documents\Limon\Projects\CompileOne\app\ui\theme\vs_dark.qss
2026-08-08 15:41:25,376 DEBUG    compileone.backend: backend: C:\Users\User\OneDrive - LP Industries\Documents\Limon\Projects\CompileOne\build\compileone.exe lex --input C:\Users\User\OneDrive - LP Industries\Documents\Limon\Projects\CompileOne\Temp\compileone_source.mc --output C:\Users\User\OneDrive - LP Industries\Documents\Limon\Projects\CompileOne\Temp\token_stream.json --language mini-c
2026-08-08 15:41:25,394 INFO     compileone.backend: backend[lex]: lex: 17 tokens, 0 errors, 1.00 ms -> C:\Users\User\OneDrive - LP Industries\Documents\Limon\Projects\CompileOne\Temp\token_stream.json
2026-08-08 15:41:25,420 DEBUG    compileone.store: artifact saved: C:\Users\User\OneDrive - LP Industries\Documents\Limon\Projects\CompileOne\Temp\token_stream.json
2026-08-08 15:41:25,421 DEBUG    compileone.backend: backend: C:\Users\User\OneDrive - LP Industries\Documents\Limon\Projects\CompileOne\build\compileone.exe parse --input C:\Users\User\OneDrive - LP Industries\Documents\Limon\Projects\CompileOne\Temp\token_stream.json --output C:\Users\User\OneDrive - LP Industries\Documents\Limon\Projects\CompileOne\Temp\parse_tree.json --language mini-c
2026-08-08 15:41:25,454 INFO     compileone.backend: backend[parse]: parse: 1 node(s), 0 errors, 8.00 ms -> C:\Users\User\OneDrive - LP Industries\Documents\Limon\Projects\CompileOne\Temp\parse_tree.json
2026-08-08 15:41:25,475 DEBUG    compileone.store: artifact saved: C:\Users\User\OneDrive - LP Industries\Documents\Limon\Projects\CompileOne\Temp\parse_tree.json
2026-08-08 15:41:25,476 DEBUG    compileone.backend: backend: C:\Users\User\OneDrive - LP Industries\Documents\Limon\Projects\CompileOne\build\compileone.exe ast --input C:\Users\User\OneDrive - LP Industries\Documents\Limon\Projects\CompileOne\Temp\token_stream.json --output C:\Users\User\OneDrive - LP Industries\Documents\Limon\Projects\CompileOne\Temp\ast.json --language mini-c
2026-08-08 15:41:25,490 INFO     compileone.backend: backend[ast]: ast: 0 error(s), 0.00 ms -> C:\Users\User\OneDrive - LP Industries\Documents\Limon\Projects\CompileOne\Temp\ast.json
2026-08-08 15:41:25,492 DEBUG    compileone.store: artifact saved: C:\Users\User\OneDrive - LP Industries\Documents\Limon\Projects\CompileOne\Temp\ast.json
2026-08-08 15:41:25,494 DEBUG    compileone.backend: backend: C:\Users\User\OneDrive - LP Industries\Documents\Limon\Projects\CompileOne\build\compileone.exe semantic --input C:\Users\User\OneDrive - LP Industries\Documents\Limon\Projects\CompileOne\Temp\token_stream.json --output C:\Users\User\OneDrive - LP Industries\Documents\Limon\Projects\CompileOne\Temp\semantic.json --language mini-c
2026-08-08 15:41:25,511 INFO     compileone.backend: backend[semantic]: semantic: valid=1 symbols=0 diagnostics=0, 0.00 ms -> C:\Users\User\OneDrive - LP Industries\Documents\Limon\Projects\CompileOne\Temp\semantic.json
2026-08-08 15:41:25,512 DEBUG    compileone.store: artifact saved: C:\Users\User\OneDrive - LP Industries\Documents\Limon\Projects\CompileOne\Temp\semantic.json
2026-08-08 15:41:25,513 DEBUG    compileone.backend: backend: C:\Users\User\OneDrive - LP Industries\Documents\Limon\Projects\CompileOne\build\compileone.exe ir --input C:\Users\User\OneDrive - LP Industries\Documents\Limon\Projects\CompileOne\Temp\token_stream.json --output C:\Users\User\OneDrive - LP Industries\Documents\Limon\Projects\CompileOne\Temp\ir.json --language mini-c
2026-08-08 15:41:25,528 INFO     compileone.backend: backend[ir]: ir: 6 quad(s), 1.00 ms -> C:\Users\User\OneDrive - LP Industries\Documents\Limon\Projects\CompileOne\Temp\ir.json
2026-08-08 15:41:25,530 DEBUG    compileone.store: artifact saved: C:\Users\User\OneDrive - LP Industries\Documents\Limon\Projects\CompileOne\Temp\ir.json
2026-08-08 15:41:25,530 DEBUG    compileone.backend: backend: C:\Users\User\OneDrive - LP Industries\Documents\Limon\Projects\CompileOne\build\compileone.exe opt --input C:\Users\User\OneDrive - LP Industries\Documents\Limon\Projects\CompileOne\Temp\token_stream.json --output C:\Users\User\OneDrive - LP Industries\Documents\Limon\Projects\CompileOne\Temp\optimization.json --language mini-c
2026-08-08 15:41:25,546 INFO     compileone.backend: backend[opt]: opt: 6 -> 6 instructions (0.0% reduction), 1.00 ms -> C:\Users\User\OneDrive - LP Industries\Documents\Limon\Projects\CompileOne\Temp\optimization.json
2026-08-08 15:41:25,548 DEBUG    compileone.store: artifact saved: C:\Users\User\OneDrive - LP Industries\Documents\Limon\Projects\CompileOne\Temp\optimization.json
2026-08-08 15:41:25,548 DEBUG    compileone.backend: backend: C:\Users\User\OneDrive - LP Industries\Documents\Limon\Projects\CompileOne\build\compileone.exe codegen --input C:\Users\User\OneDrive - LP Industries\Documents\Limon\Projects\CompileOne\Temp\token_stream.json --output C:\Users\User\OneDrive - LP Industries\Documents\Limon\Projects\CompileOne\Temp\assembly.json --language mini-c
2026-08-08 15:41:25,563 INFO     compileone.backend: backend[codegen]: codegen: 24 instruction(s), stack 16 bytes, 0.00 ms -> C:\Users\User\OneDrive - LP Industries\Documents\Limon\Projects\CompileOne\Temp\assembly.json
2026-08-08 15:41:25,568 DEBUG    compileone.store: artifact saved: C:\Users\User\OneDrive - LP Industries\Documents\Limon\Projects\CompileOne\Temp\assembly.json
2026-08-08 15:41:25,569 DEBUG    compileone.backend: backend: C:\Users\User\OneDrive - LP Industries\Documents\Limon\Projects\CompileOne\build\compileone.exe run --input C:\Users\User\OneDrive - LP Industries\Documents\Limon\Projects\CompileOne\Temp\compileone_source.mc --output C:\Users\User\OneDrive - LP Industries\Documents\Limon\Projects\CompileOne\Temp\execution.json --language mini-c
2026-08-08 15:41:25,584 INFO     compileone.backend: backend[run]: run: status=ok exit=0 steps=2, 0.00 ms -> C:\Users\User\OneDrive - LP Industries\Documents\Limon\Projects\CompileOne\Temp\execution.json
2026-08-08 15:41:25,586 DEBUG    compileone.store: artifact saved: C:\Users\User\OneDrive - LP Industries\Documents\Limon\Projects\CompileOne\Temp\execution.json
2026-08-08 15:41:25,586 INFO     compileone.orchestrator: compile_all: 8 phases run, 0 diagnostic(s)
2026-08-08 15:41:25,974 DEBUG    compileone.backend: backend: C:\Users\User\OneDrive - LP Industries\Documents\Limon\Projects\CompileOne\build\compileone.exe lex --input C:\Users\User\OneDrive - LP Industries\Documents\Limon\Projects\CompileOne\Temp\compileone_source.mc --output C:\Users\User\OneDrive - LP Industries\Documents\Limon\Projects\CompileOne\Temp\token_stream.json --language mini-c
2026-08-08 15:41:25,987 INFO     compileone.backend: backend[lex]: lex: 17 tokens, 0 errors, 0.00 ms -> C:\Users\User\OneDrive - LP Industries\Documents\Limon\Projects\CompileOne\Temp\token_stream.json
2026-08-08 15:41:25,989 DEBUG    compileone.store: artifact saved: C:\Users\User\OneDrive - LP Industries\Documents\Limon\Projects\CompileOne\Temp\token_stream.json
2026-08-08 15:41:25,990 DEBUG    compileone.backend: backend: C:\Users\User\OneDrive - LP Industries\Documents\Limon\Projects\CompileOne\build\compileone.exe parse --input C:\Users\User\OneDrive - LP Industries\Documents\Limon\Projects\CompileOne\Temp\token_stream.json --output C:\Users\User\OneDrive - LP Industries\Documents\Limon\Projects\CompileOne\Temp\parse_tree.json --language mini-c
2026-08-08 15:41:26,005 INFO     compileone.backend: backend[parse]: parse: 1 node(s), 0 errors, 0.00 ms -> C:\Users\User\OneDrive - LP Industries\Documents\Limon\Projects\CompileOne\Temp\parse_tree.json
2026-08-08 15:41:26,008 DEBUG    compileone.store: artifact saved: C:\Users\User\OneDrive - LP Industries\Documents\Limon\Projects\CompileOne\Temp\parse_tree.json
2026-08-08 15:41:26,010 DEBUG    compileone.backend: backend: C:\Users\User\OneDrive - LP Industries\Documents\Limon\Projects\CompileOne\build\compileone.exe ast --input C:\Users\User\OneDrive - LP Industries\Documents\Limon\Projects\CompileOne\Temp\token_stream.json --output C:\Users\User\OneDrive - LP Industries\Documents\Limon\Projects\CompileOne\Temp\ast.json --language mini-c
2026-08-08 15:41:26,021 INFO     compileone.backend: backend[ast]: ast: 0 error(s), 0.00 ms -> C:\Users\User\OneDrive - LP Industries\Documents\Limon\Projects\CompileOne\Temp\ast.json
2026-08-08 15:41:26,023 DEBUG    compileone.store: artifact saved: C:\Users\User\OneDrive - LP Industries\Documents\Limon\Projects\CompileOne\Temp\ast.json
2026-08-08 15:41:26,024 DEBUG    compileone.backend: backend: C:\Users\User\OneDrive - LP Industries\Documents\Limon\Projects\CompileOne\build\compileone.exe semantic --input C:\Users\User\OneDrive - LP Industries\Documents\Limon\Projects\CompileOne\Temp\token_stream.json --output C:\Users\User\OneDrive - LP Industries\Documents\Limon\Projects\CompileOne\Temp\semantic.json --language mini-c
2026-08-08 15:41:26,036 INFO     compileone.backend: backend[semantic]: semantic: valid=1 symbols=0 diagnostics=0, 0.00 ms -> C:\Users\User\OneDrive - LP Industries\Documents\Limon\Projects\CompileOne\Temp\semantic.json
2026-08-08 15:41:26,038 DEBUG    compileone.store: artifact saved: C:\Users\User\OneDrive - LP Industries\Documents\Limon\Projects\CompileOne\Temp\semantic.json
2026-08-08 15:41:26,039 DEBUG    compileone.backend: backend: C:\Users\User\OneDrive - LP Industries\Documents\Limon\Projects\CompileOne\build\compileone.exe ir --input C:\Users\User\OneDrive - LP Industries\Documents\Limon\Projects\CompileOne\Temp\token_stream.json --output C:\Users\User\OneDrive - LP Industries\Documents\Limon\Projects\CompileOne\Temp\ir.json --language mini-c
2026-08-08 15:41:26,052 INFO     compileone.backend: backend[ir]: ir: 6 quad(s), 0.00 ms -> C:\Users\User\OneDrive - LP Industries\Documents\Limon\Projects\CompileOne\Temp\ir.json
2026-08-08 15:41:26,054 DEBUG    compileone.store: artifact saved: C:\Users\User\OneDrive - LP Industries\Documents\Limon\Projects\CompileOne\Temp\ir.json
2026-08-08 15:41:26,054 DEBUG    compileone.backend: backend: C:\Users\User\OneDrive - LP Industries\Documents\Limon\Projects\CompileOne\build\compileone.exe opt --input C:\Users\User\OneDrive - LP Industries\Documents\Limon\Projects\CompileOne\Temp\token_stream.json --output C:\Users\User\OneDrive - LP Industries\Documents\Limon\Projects\CompileOne\Temp\optimization.json --language mini-c
2026-08-08 15:41:26,087 INFO     compileone.backend: backend[opt]: opt: 6 -> 6 instructions (0.0% reduction), 0.00 ms -> C:\Users\User\OneDrive - LP Industries\Documents\Limon\Projects\CompileOne\Temp\optimization.json
2026-08-08 15:41:26,101 DEBUG    compileone.store: artifact saved: C:\Users\User\OneDrive - LP Industries\Documents\Limon\Projects\CompileOne\Temp\optimization.json
2026-08-08 15:41:26,104 DEBUG    compileone.backend: backend: C:\Users\User\OneDrive - LP Industries\Documents\Limon\Projects\CompileOne\build\compileone.exe codegen --input C:\Users\User\OneDrive - LP Industries\Documents\Limon\Projects\CompileOne\Temp\token_stream.json --output C:\Users\User\OneDrive - LP Industries\Documents\Limon\Projects\CompileOne\Temp\assembly.json --language mini-c
2026-08-08 15:41:26,129 INFO     compileone.backend: backend[codegen]: codegen: 24 instruction(s), stack 16 bytes, 1.00 ms -> C:\Users\User\OneDrive - LP Industries\Documents\Limon\Projects\CompileOne\Temp\assembly.json
2026-08-08 15:41:26,153 DEBUG    compileone.store: artifact saved: C:\Users\User\OneDrive - LP Industries\Documents\Limon\Projects\CompileOne\Temp\assembly.json
2026-08-08 15:41:26,154 DEBUG    compileone.backend: backend: C:\Users\User\OneDrive - LP Industries\Documents\Limon\Projects\CompileOne\build\compileone.exe run --input C:\Users\User\OneDrive - LP Industries\Documents\Limon\Projects\CompileOne\Temp\compileone_source.mc --output C:\Users\User\OneDrive - LP Industries\Documents\Limon\Projects\CompileOne\Temp\execution.json --language mini-c
2026-08-08 15:41:26,170 INFO     compileone.backend: backend[run]: run: status=ok exit=0 steps=2, 0.00 ms -> C:\Users\User\OneDrive - LP Industries\Documents\Limon\Projects\CompileOne\Temp\execution.json
2026-08-08 15:41:26,171 DEBUG    compileone.store: artifact saved: C:\Users\User\OneDrive - LP Industries\Documents\Limon\Projects\CompileOne\Temp\execution.json
2026-08-08 15:41:26,172 INFO     compileone.orchestrator: compile_all: 8 phases run, 0 diagnostic(s)
2026-08-08 15:41:27,546 DEBUG    compileone.backend: backend: C:\Users\User\OneDrive - LP Industries\Documents\Limon\Projects\CompileOne\build\compileone.exe run --input C:\Users\User\OneDrive - LP Industries\Documents\Limon\Projects\CompileOne\Temp\compileone_source.mc --output C:\Users\User\OneDrive - LP Industries\Documents\Limon\Projects\CompileOne\Temp\execution.json --language mini-c
2026-08-08 15:41:27,561 INFO     compileone.backend: backend[run]: run: status=ok exit=0 steps=2, 1.00 ms -> C:\Users\User\OneDrive - LP Industries\Documents\Limon\Projects\CompileOne\Temp\execution.json
2026-08-08 15:41:27,576 INFO     compileone.orchestrator: execute: status=ok exit=0 steps=2
2026-08-08 15:41:28,337 DEBUG    compileone.backend: backend: C:\Users\User\OneDrive - LP Industries\Documents\Limon\Projects\CompileOne\build\compileone.exe run --input C:\Users\User\OneDrive - LP Industries\Documents\Limon\Projects\CompileOne\Temp\compileone_source.mc --output C:\Users\User\OneDrive - LP Industries\Documents\Limon\Projects\CompileOne\Temp\execution.json --language mini-c
2026-08-08 15:41:28,351 INFO     compileone.backend: backend[run]: run: status=ok exit=0 steps=2, 0.00 ms -> C:\Users\User\OneDrive - LP Industries\Documents\Limon\Projects\CompileOne\Temp\execution.json
2026-08-08 15:41:28,352 INFO     compileone.orchestrator: execute: status=ok exit=0 steps=2
2026-08-08 15:41:28,615 DEBUG    compileone.backend: backend: C:\Users\User\OneDrive - LP Industries\Documents\Limon\Projects\CompileOne\build\compileone.exe run --input C:\Users\User\OneDrive - LP Industries\Documents\Limon\Projects\CompileOne\Temp\compileone_source.mc --output C:\Users\User\OneDrive - LP Industries\Documents\Limon\Projects\CompileOne\Temp\execution.json --language mini-c
2026-08-08 15:41:28,627 INFO     compileone.backend: backend[run]: run: status=ok exit=0 steps=2, 2.00 ms -> C:\Users\User\OneDrive - LP Industries\Documents\Limon\Projects\CompileOne\Temp\execution.json
2026-08-08 15:41:28,628 INFO     compileone.orchestrator: execute: status=ok exit=0 steps=2
2026-08-08 15:41:30,774 DEBUG    compileone.backend: backend: C:\Users\User\OneDrive - LP Industries\Documents\Limon\Projects\CompileOne\build\compileone.exe lex --input C:\Users\User\OneDrive - LP Industries\Documents\Limon\Projects\CompileOne\Temp\compileone_source.java --output C:\Users\User\OneDrive - LP Industries\Documents\Limon\Projects\CompileOne\Temp\token_stream.json --language java
2026-08-08 15:41:30,789 INFO     compileone.backend: backend[lex]: lex: 88 tokens, 0 errors, 11.00 ms -> C:\Users\User\OneDrive - LP Industries\Documents\Limon\Projects\CompileOne\Temp\token_stream.json
2026-08-08 15:41:30,809 DEBUG    compileone.store: artifact saved: C:\Users\User\OneDrive - LP Industries\Documents\Limon\Projects\CompileOne\Temp\token_stream.json
2026-08-08 15:41:30,810 INFO     compileone.orchestrator: compile_all: 1 phases run, 0 diagnostic(s)
2026-08-08 15:41:31,365 DEBUG    compileone.backend: backend: C:\Users\User\OneDrive - LP Industries\Documents\Limon\Projects\CompileOne\build\compileone.exe lex --input C:\Users\User\OneDrive - LP Industries\Documents\Limon\Projects\CompileOne\Temp\compileone_source.java --output C:\Users\User\OneDrive - LP Industries\Documents\Limon\Projects\CompileOne\Temp\token_stream.json --language java
2026-08-08 15:41:31,379 INFO     compileone.backend: backend[lex]: lex: 88 tokens, 0 errors, 0.00 ms -> C:\Users\User\OneDrive - LP Industries\Documents\Limon\Projects\CompileOne\Temp\token_stream.json
2026-08-08 15:41:31,400 DEBUG    compileone.store: artifact saved: C:\Users\User\OneDrive - LP Industries\Documents\Limon\Projects\CompileOne\Temp\token_stream.json
2026-08-08 15:41:31,401 INFO     compileone.orchestrator: compile_all: 1 phases run, 0 diagnostic(s)
2026-08-08 17:57:49,900 DEBUG    compileone.theme: applied stylesheet C:\Users\User\OneDrive - LP Industries\Documents\Limon\Projects\CompileOne\app\ui\theme\vs_dark.qss
2026-08-08 17:57:51,937 DEBUG    compileone.backend: backend: C:\Users\User\OneDrive - LP Industries\Documents\Limon\Projects\CompileOne\build\compileone.exe lex --input C:\Users\User\OneDrive - LP Industries\Documents\Limon\Projects\CompileOne\Temp\compileone_source.mc --output C:\Users\User\OneDrive - LP Industries\Documents\Limon\Projects\CompileOne\Temp\token_stream.json --language mini-c
2026-08-08 17:57:52,012 INFO     compileone.backend: backend[lex]: lex: 17 tokens, 0 errors, 1.00 ms -> C:\Users\User\OneDrive - LP Industries\Documents\Limon\Projects\CompileOne\Temp\token_stream.json
2026-08-08 17:57:52,030 DEBUG    compileone.store: artifact saved: C:\Users\User\OneDrive - LP Industries\Documents\Limon\Projects\CompileOne\Temp\token_stream.json
2026-08-08 17:57:52,031 DEBUG    compileone.backend: backend: C:\Users\User\OneDrive - LP Industries\Documents\Limon\Projects\CompileOne\build\compileone.exe parse --input C:\Users\User\OneDrive - LP Industries\Documents\Limon\Projects\CompileOne\Temp\token_stream.json --output C:\Users\User\OneDrive - LP Industries\Documents\Limon\Projects\CompileOne\Temp\parse_tree.json --language mini-c
2026-08-08 17:57:52,059 INFO     compileone.backend: backend[parse]: parse: 1 node(s), 0 errors, 8.00 ms -> C:\Users\User\OneDrive - LP Industries\Documents\Limon\Projects\CompileOne\Temp\parse_tree.json
2026-08-08 17:57:52,062 DEBUG    compileone.store: artifact saved: C:\Users\User\OneDrive - LP Industries\Documents\Limon\Projects\CompileOne\Temp\parse_tree.json
2026-08-08 17:57:52,063 DEBUG    compileone.backend: backend: C:\Users\User\OneDrive - LP Industries\Documents\Limon\Projects\CompileOne\build\compileone.exe ast --input C:\Users\User\OneDrive - LP Industries\Documents\Limon\Projects\CompileOne\Temp\token_stream.json --output C:\Users\User\OneDrive - LP Industries\Documents\Limon\Projects\CompileOne\Temp\ast.json --language mini-c
2026-08-08 17:57:52,077 INFO     compileone.backend: backend[ast]: ast: 0 error(s), 0.00 ms -> C:\Users\User\OneDrive - LP Industries\Documents\Limon\Projects\CompileOne\Temp\ast.json
2026-08-08 17:57:52,092 DEBUG    compileone.store: artifact saved: C:\Users\User\OneDrive - LP Industries\Documents\Limon\Projects\CompileOne\Temp\ast.json
2026-08-08 17:57:52,093 DEBUG    compileone.backend: backend: C:\Users\User\OneDrive - LP Industries\Documents\Limon\Projects\CompileOne\build\compileone.exe semantic --input C:\Users\User\OneDrive - LP Industries\Documents\Limon\Projects\CompileOne\Temp\token_stream.json --output C:\Users\User\OneDrive - LP Industries\Documents\Limon\Projects\CompileOne\Temp\semantic.json --language mini-c
2026-08-08 17:57:52,111 INFO     compileone.backend: backend[semantic]: semantic: valid=1 symbols=0 diagnostics=0, 1.00 ms -> C:\Users\User\OneDrive - LP Industries\Documents\Limon\Projects\CompileOne\Temp\semantic.json
2026-08-08 17:57:52,130 DEBUG    compileone.store: artifact saved: C:\Users\User\OneDrive - LP Industries\Documents\Limon\Projects\CompileOne\Temp\semantic.json
2026-08-08 17:57:52,131 DEBUG    compileone.backend: backend: C:\Users\User\OneDrive - LP Industries\Documents\Limon\Projects\CompileOne\build\compileone.exe ir --input C:\Users\User\OneDrive - LP Industries\Documents\Limon\Projects\CompileOne\Temp\token_stream.json --output C:\Users\User\OneDrive - LP Industries\Documents\Limon\Projects\CompileOne\Temp\ir.json --language mini-c
2026-08-08 17:57:52,145 INFO     compileone.backend: backend[ir]: ir: 6 quad(s), 0.00 ms -> C:\Users\User\OneDrive - LP Industries\Documents\Limon\Projects\CompileOne\Temp\ir.json
2026-08-08 17:57:52,159 DEBUG    compileone.store: artifact saved: C:\Users\User\OneDrive - LP Industries\Documents\Limon\Projects\CompileOne\Temp\ir.json
2026-08-08 17:57:52,160 DEBUG    compileone.backend: backend: C:\Users\User\OneDrive - LP Industries\Documents\Limon\Projects\CompileOne\build\compileone.exe opt --input C:\Users\User\OneDrive - LP Industries\Documents\Limon\Projects\CompileOne\Temp\token_stream.json --output C:\Users\User\OneDrive - LP Industries\Documents\Limon\Projects\CompileOne\Temp\optimization.json --language mini-c
2026-08-08 17:57:52,174 INFO     compileone.backend: backend[opt]: opt: 6 -> 6 instructions (0.0% reduction), 0.00 ms -> C:\Users\User\OneDrive - LP Industries\Documents\Limon\Projects\CompileOne\Temp\optimization.json
2026-08-08 17:57:52,176 DEBUG    compileone.store: artifact saved: C:\Users\User\OneDrive - LP Industries\Documents\Limon\Projects\CompileOne\Temp\optimization.json
2026-08-08 17:57:52,176 DEBUG    compileone.backend: backend: C:\Users\User\OneDrive - LP Industries\Documents\Limon\Projects\CompileOne\build\compileone.exe codegen --input C:\Users\User\OneDrive - LP Industries\Documents\Limon\Projects\CompileOne\Temp\token_stream.json --output C:\Users\User\OneDrive - LP Industries\Documents\Limon\Projects\CompileOne\Temp\assembly.json --language mini-c
2026-08-08 17:57:52,192 INFO     compileone.backend: backend[codegen]: codegen: 24 instruction(s), stack 16 bytes, 0.00 ms -> C:\Users\User\OneDrive - LP Industries\Documents\Limon\Projects\CompileOne\Temp\assembly.json
2026-08-08 17:57:52,240 DEBUG    compileone.store: artifact saved: C:\Users\User\OneDrive - LP Industries\Documents\Limon\Projects\CompileOne\Temp\assembly.json
2026-08-08 17:57:52,249 DEBUG    compileone.backend: backend: C:\Users\User\OneDrive - LP Industries\Documents\Limon\Projects\CompileOne\build\compileone.exe run --input C:\Users\User\OneDrive - LP Industries\Documents\Limon\Projects\CompileOne\Temp\compileone_source.mc --output C:\Users\User\OneDrive - LP Industries\Documents\Limon\Projects\CompileOne\Temp\execution.json --language mini-c
2026-08-08 17:57:52,284 INFO     compileone.backend: backend[run]: run: status=ok exit=0 steps=2, 0.00 ms -> C:\Users\User\OneDrive - LP Industries\Documents\Limon\Projects\CompileOne\Temp\execution.json
2026-08-08 17:57:52,298 DEBUG    compileone.store: artifact saved: C:\Users\User\OneDrive - LP Industries\Documents\Limon\Projects\CompileOne\Temp\execution.json
2026-08-08 17:57:52,306 INFO     compileone.orchestrator: compile_all: 8 phases run, 0 diagnostic(s)
2026-08-08 17:57:52,543 DEBUG    compileone.backend: backend: C:\Users\User\OneDrive - LP Industries\Documents\Limon\Projects\CompileOne\build\compileone.exe lex --input C:\Users\User\OneDrive - LP Industries\Documents\Limon\Projects\CompileOne\Temp\compileone_source.mc --output C:\Users\User\OneDrive - LP Industries\Documents\Limon\Projects\CompileOne\Temp\token_stream.json --language mini-c
2026-08-08 17:57:52,560 INFO     compileone.backend: backend[lex]: lex: 17 tokens, 0 errors, 0.00 ms -> C:\Users\User\OneDrive - LP Industries\Documents\Limon\Projects\CompileOne\Temp\token_stream.json
2026-08-08 17:57:52,582 DEBUG    compileone.store: artifact saved: C:\Users\User\OneDrive - LP Industries\Documents\Limon\Projects\CompileOne\Temp\token_stream.json
2026-08-08 17:57:52,585 DEBUG    compileone.backend: backend: C:\Users\User\OneDrive - LP Industries\Documents\Limon\Projects\CompileOne\build\compileone.exe parse --input C:\Users\User\OneDrive - LP Industries\Documents\Limon\Projects\CompileOne\Temp\token_stream.json --output C:\Users\User\OneDrive - LP Industries\Documents\Limon\Projects\CompileOne\Temp\parse_tree.json --language mini-c
2026-08-08 17:57:52,612 INFO     compileone.backend: backend[parse]: parse: 1 node(s), 0 errors, 18.00 ms -> C:\Users\User\OneDrive - LP Industries\Documents\Limon\Projects\CompileOne\Temp\parse_tree.json
2026-08-08 17:57:52,639 DEBUG    compileone.store: artifact saved: C:\Users\User\OneDrive - LP Industries\Documents\Limon\Projects\CompileOne\Temp\parse_tree.json
2026-08-08 17:57:52,642 DEBUG    compileone.backend: backend: C:\Users\User\OneDrive - LP Industries\Documents\Limon\Projects\CompileOne\build\compileone.exe ast --input C:\Users\User\OneDrive - LP Industries\Documents\Limon\Projects\CompileOne\Temp\token_stream.json --output C:\Users\User\OneDrive - LP Industries\Documents\Limon\Projects\CompileOne\Temp\ast.json --language mini-c
2026-08-08 17:57:52,678 INFO     compileone.backend: backend[ast]: ast: 0 error(s), 0.00 ms -> C:\Users\User\OneDrive - LP Industries\Documents\Limon\Projects\CompileOne\Temp\ast.json
2026-08-08 17:57:52,685 DEBUG    compileone.store: artifact saved: C:\Users\User\OneDrive - LP Industries\Documents\Limon\Projects\CompileOne\Temp\ast.json
2026-08-08 17:57:52,688 DEBUG    compileone.backend: backend: C:\Users\User\OneDrive - LP Industries\Documents\Limon\Projects\CompileOne\build\compileone.exe semantic --input C:\Users\User\OneDrive - LP Industries\Documents\Limon\Projects\CompileOne\Temp\token_stream.json --output C:\Users\User\OneDrive - LP Industries\Documents\Limon\Projects\CompileOne\Temp\semantic.json --language mini-c
2026-08-08 17:57:52,711 INFO     compileone.backend: backend[semantic]: semantic: valid=1 symbols=0 diagnostics=0, 0.00 ms -> C:\Users\User\OneDrive - LP Industries\Documents\Limon\Projects\CompileOne\Temp\semantic.json
2026-08-08 17:57:52,736 DEBUG    compileone.store: artifact saved: C:\Users\User\OneDrive - LP Industries\Documents\Limon\Projects\CompileOne\Temp\semantic.json
2026-08-08 17:57:52,739 DEBUG    compileone.backend: backend: C:\Users\User\OneDrive - LP Industries\Documents\Limon\Projects\CompileOne\build\compileone.exe ir --input C:\Users\User\OneDrive - LP Industries\Documents\Limon\Projects\CompileOne\Temp\token_stream.json --output C:\Users\User\OneDrive - LP Industries\Documents\Limon\Projects\CompileOne\Temp\ir.json --language mini-c
2026-08-08 17:57:52,764 INFO     compileone.backend: backend[ir]: ir: 6 quad(s), 0.00 ms -> C:\Users\User\OneDrive - LP Industries\Documents\Limon\Projects\CompileOne\Temp\ir.json
2026-08-08 17:57:52,772 DEBUG    compileone.store: artifact saved: C:\Users\User\OneDrive - LP Industries\Documents\Limon\Projects\CompileOne\Temp\ir.json
2026-08-08 17:57:52,775 DEBUG    compileone.backend: backend: C:\Users\User\OneDrive - LP Industries\Documents\Limon\Projects\CompileOne\build\compileone.exe opt --input C:\Users\User\OneDrive - LP Industries\Documents\Limon\Projects\CompileOne\Temp\token_stream.json --output C:\Users\User\OneDrive - LP Industries\Documents\Limon\Projects\CompileOne\Temp\optimization.json --language mini-c
2026-08-08 17:57:52,800 INFO     compileone.backend: backend[opt]: opt: 6 -> 6 instructions (0.0% reduction), 0.00 ms -> C:\Users\User\OneDrive - LP Industries\Documents\Limon\Projects\CompileOne\Temp\optimization.json
2026-08-08 17:57:52,803 DEBUG    compileone.store: artifact saved: C:\Users\User\OneDrive - LP Industries\Documents\Limon\Projects\CompileOne\Temp\optimization.json
2026-08-08 17:57:52,803 DEBUG    compileone.backend: backend: C:\Users\User\OneDrive - LP Industries\Documents\Limon\Projects\CompileOne\build\compileone.exe codegen --input C:\Users\User\OneDrive - LP Industries\Documents\Limon\Projects\CompileOne\Temp\token_stream.json --output C:\Users\User\OneDrive - LP Industries\Documents\Limon\Projects\CompileOne\Temp\assembly.json --language mini-c
2026-08-08 17:57:52,819 INFO     compileone.backend: backend[codegen]: codegen: 24 instruction(s), stack 16 bytes, 0.00 ms -> C:\Users\User\OneDrive - LP Industries\Documents\Limon\Projects\CompileOne\Temp\assembly.json
2026-08-08 17:57:52,821 DEBUG    compileone.store: artifact saved: C:\Users\User\OneDrive - LP Industries\Documents\Limon\Projects\CompileOne\Temp\assembly.json
2026-08-08 17:57:52,822 DEBUG    compileone.backend: backend: C:\Users\User\OneDrive - LP Industries\Documents\Limon\Projects\CompileOne\build\compileone.exe run --input C:\Users\User\OneDrive - LP Industries\Documents\Limon\Projects\CompileOne\Temp\compileone_source.mc --output C:\Users\User\OneDrive - LP Industries\Documents\Limon\Projects\CompileOne\Temp\execution.json --language mini-c
2026-08-08 17:57:52,839 INFO     compileone.backend: backend[run]: run: status=ok exit=0 steps=2, 0.00 ms -> C:\Users\User\OneDrive - LP Industries\Documents\Limon\Projects\CompileOne\Temp\execution.json
2026-08-08 17:57:52,841 DEBUG    compileone.store: artifact saved: C:\Users\User\OneDrive - LP Industries\Documents\Limon\Projects\CompileOne\Temp\execution.json
2026-08-08 17:57:52,842 INFO     compileone.orchestrator: compile_all: 8 phases run, 0 diagnostic(s)
2026-08-08 17:57:57,182 DEBUG    compileone.backend: backend: C:\Users\User\OneDrive - LP Industries\Documents\Limon\Projects\CompileOne\build\compileone.exe lex --input C:\Users\User\OneDrive - LP Industries\Documents\Limon\Projects\CompileOne\Temp\compileone_source.c --output C:\Users\User\OneDrive - LP Industries\Documents\Limon\Projects\CompileOne\Temp\token_stream.json --language c
2026-08-08 17:57:57,211 INFO     compileone.backend: backend[lex]: lex: 69 tokens, 0 errors, 11.00 ms -> C:\Users\User\OneDrive - LP Industries\Documents\Limon\Projects\CompileOne\Temp\token_stream.json
2026-08-08 17:57:57,235 DEBUG    compileone.store: artifact saved: C:\Users\User\OneDrive - LP Industries\Documents\Limon\Projects\CompileOne\Temp\token_stream.json
2026-08-08 17:57:57,236 INFO     compileone.orchestrator: compile_all: 1 phases run, 0 diagnostic(s)
2026-08-08 17:57:57,747 DEBUG    compileone.backend: backend: C:\Users\User\OneDrive - LP Industries\Documents\Limon\Projects\CompileOne\build\compileone.exe lex --input C:\Users\User\OneDrive - LP Industries\Documents\Limon\Projects\CompileOne\Temp\compileone_source.c --output C:\Users\User\OneDrive - LP Industries\Documents\Limon\Projects\CompileOne\Temp\token_stream.json --language c
2026-08-08 17:57:57,759 INFO     compileone.backend: backend[lex]: lex: 69 tokens, 0 errors, 0.00 ms -> C:\Users\User\OneDrive - LP Industries\Documents\Limon\Projects\CompileOne\Temp\token_stream.json
2026-08-08 17:57:57,776 DEBUG    compileone.store: artifact saved: C:\Users\User\OneDrive - LP Industries\Documents\Limon\Projects\CompileOne\Temp\token_stream.json
2026-08-08 17:57:57,777 INFO     compileone.orchestrator: compile_all: 1 phases run, 0 diagnostic(s)
2026-08-08 17:58:00,874 DEBUG    compileone.orchestrator: native compile: C:\MinGW\bin\gcc.EXE -o C:\Users\User\OneDrive - LP Industries\Documents\Limon\Projects\CompileOne\Temp\compileone_source.exe C:\Users\User\OneDrive - LP Industries\Documents\Limon\Projects\CompileOne\Temp\compileone_source.c -g
2026-08-08 17:58:09,035 DEBUG    compileone.backend: backend: C:\Users\User\OneDrive - LP Industries\Documents\Limon\Projects\CompileOne\build\compileone.exe lex --input C:\Users\User\OneDrive - LP Industries\Documents\Limon\Projects\CompileOne\Temp\compileone_source.c --output C:\Users\User\OneDrive - LP Industries\Documents\Limon\Projects\CompileOne\Temp\token_stream.json --language c
2026-08-08 17:58:09,066 INFO     compileone.backend: backend[lex]: lex: 69 tokens, 0 errors, 28.00 ms -> C:\Users\User\OneDrive - LP Industries\Documents\Limon\Projects\CompileOne\Temp\token_stream.json
2026-08-08 17:58:09,102 DEBUG    compileone.store: artifact saved: C:\Users\User\OneDrive - LP Industries\Documents\Limon\Projects\CompileOne\Temp\token_stream.json
2026-08-08 17:58:09,103 INFO     compileone.orchestrator: compile_all: 1 phases run, 0 diagnostic(s)
2026-08-08 17:58:10,580 DEBUG    compileone.orchestrator: native compile: C:\MinGW\bin\gcc.EXE -o C:\Users\User\OneDrive - LP Industries\Documents\Limon\Projects\CompileOne\Temp\compileone_source.exe C:\Users\User\OneDrive - LP Industries\Documents\Limon\Projects\CompileOne\Temp\compileone_source.c -g
2026-08-08 17:58:14,494 DEBUG    compileone.backend: backend: C:\Users\User\OneDrive - LP Industries\Documents\Limon\Projects\CompileOne\build\compileone.exe lex --input C:\Users\User\OneDrive - LP Industries\Documents\Limon\Projects\CompileOne\Temp\compileone_source.cpp --output C:\Users\User\OneDrive - LP Industries\Documents\Limon\Projects\CompileOne\Temp\token_stream.json --language c++
2026-08-08 17:58:14,521 INFO     compileone.backend: backend[lex]: lex: 84 tokens, 0 errors, 18.00 ms -> C:\Users\User\OneDrive - LP Industries\Documents\Limon\Projects\CompileOne\Temp\token_stream.json
2026-08-08 17:58:14,538 DEBUG    compileone.store: artifact saved: C:\Users\User\OneDrive - LP Industries\Documents\Limon\Projects\CompileOne\Temp\token_stream.json
2026-08-08 17:58:14,540 INFO     compileone.orchestrator: compile_all: 1 phases run, 0 diagnostic(s)
2026-08-08 17:58:15,097 DEBUG    compileone.backend: backend: C:\Users\User\OneDrive - LP Industries\Documents\Limon\Projects\CompileOne\build\compileone.exe lex --input C:\Users\User\OneDrive - LP Industries\Documents\Limon\Projects\CompileOne\Temp\compileone_source.cpp --output C:\Users\User\OneDrive - LP Industries\Documents\Limon\Projects\CompileOne\Temp\token_stream.json --language c++
2026-08-08 17:58:15,111 INFO     compileone.backend: backend[lex]: lex: 84 tokens, 0 errors, 0.00 ms -> C:\Users\User\OneDrive - LP Industries\Documents\Limon\Projects\CompileOne\Temp\token_stream.json
2026-08-08 17:58:15,132 DEBUG    compileone.store: artifact saved: C:\Users\User\OneDrive - LP Industries\Documents\Limon\Projects\CompileOne\Temp\token_stream.json
2026-08-08 17:58:15,138 INFO     compileone.orchestrator: compile_all: 1 phases run, 0 diagnostic(s)
2026-08-08 17:58:17,236 DEBUG    compileone.orchestrator: native compile: C:\MinGW\bin\g++.EXE -o C:\Users\User\OneDrive - LP Industries\Documents\Limon\Projects\CompileOne\Temp\compileone_source.exe C:\Users\User\OneDrive - LP Industries\Documents\Limon\Projects\CompileOne\Temp\compileone_source.cpp -g
2026-08-08 17:58:25,193 DEBUG    compileone.backend: backend: C:\Users\User\OneDrive - LP Industries\Documents\Limon\Projects\CompileOne\build\compileone.exe lex --input C:\Users\User\OneDrive - LP Industries\Documents\Limon\Projects\CompileOne\Temp\compileone_source.c --output C:\Users\User\OneDrive - LP Industries\Documents\Limon\Projects\CompileOne\Temp\token_stream.json --language c
2026-08-08 17:58:25,208 INFO     compileone.backend: backend[lex]: lex: 69 tokens, 0 errors, 2.00 ms -> C:\Users\User\OneDrive - LP Industries\Documents\Limon\Projects\CompileOne\Temp\token_stream.json
2026-08-08 17:58:25,230 DEBUG    compileone.store: artifact saved: C:\Users\User\OneDrive - LP Industries\Documents\Limon\Projects\CompileOne\Temp\token_stream.json
2026-08-08 17:58:25,231 INFO     compileone.orchestrator: compile_all: 1 phases run, 0 diagnostic(s)
2026-08-08 17:58:25,798 DEBUG    compileone.backend: backend: C:\Users\User\OneDrive - LP Industries\Documents\Limon\Projects\CompileOne\build\compileone.exe lex --input C:\Users\User\OneDrive - LP Industries\Documents\Limon\Projects\CompileOne\Temp\compileone_source.c --output C:\Users\User\OneDrive - LP Industries\Documents\Limon\Projects\CompileOne\Temp\token_stream.json --language c
2026-08-08 17:58:25,815 INFO     compileone.backend: backend[lex]: lex: 69 tokens, 0 errors, 0.00 ms -> C:\Users\User\OneDrive - LP Industries\Documents\Limon\Projects\CompileOne\Temp\token_stream.json
2026-08-08 17:58:25,828 DEBUG    compileone.store: artifact saved: C:\Users\User\OneDrive - LP Industries\Documents\Limon\Projects\CompileOne\Temp\token_stream.json
2026-08-08 17:58:25,829 INFO     compileone.orchestrator: compile_all: 1 phases run, 0 diagnostic(s)
2026-08-08 17:58:27,544 DEBUG    compileone.orchestrator: native compile: C:\MinGW\bin\gcc.EXE -o C:\Users\User\OneDrive - LP Industries\Documents\Limon\Projects\CompileOne\Temp\compileone_source.exe C:\Users\User\OneDrive - LP Industries\Documents\Limon\Projects\CompileOne\Temp\compileone_source.c -g
2026-08-08 17:58:38,384 DEBUG    compileone.backend: backend: C:\Users\User\OneDrive - LP Industries\Documents\Limon\Projects\CompileOne\build\compileone.exe lex --input C:\Users\User\OneDrive - LP Industries\Documents\Limon\Projects\CompileOne\Temp\compileone_source.c --output C:\Users\User\OneDrive - LP Industries\Documents\Limon\Projects\CompileOne\Temp\token_stream.json --language c
2026-08-08 17:58:38,397 INFO     compileone.backend: backend[lex]: lex: 69 tokens, 0 errors, 0.00 ms -> C:\Users\User\OneDrive - LP Industries\Documents\Limon\Projects\CompileOne\Temp\token_stream.json
2026-08-08 17:58:38,419 DEBUG    compileone.store: artifact saved: C:\Users\User\OneDrive - LP Industries\Documents\Limon\Projects\CompileOne\Temp\token_stream.json
2026-08-08 17:58:38,420 INFO     compileone.orchestrator: compile_all: 1 phases run, 0 diagnostic(s)
2026-08-08 19:30:30,073 DEBUG    compileone.theme: applied stylesheet C:\Users\User\OneDrive - LP Industries\Documents\Limon\Projects\CompileOne\app\ui\theme\vs_dark.qss
2026-08-08 19:30:33,586 DEBUG    compileone.backend: backend: C:\Users\User\OneDrive - LP Industries\Documents\Limon\Projects\CompileOne\build\compileone.exe lex --input C:\Users\User\OneDrive - LP Industries\Documents\Limon\Projects\CompileOne\Temp\compileone_source.mc --output C:\Users\User\OneDrive - LP Industries\Documents\Limon\Projects\CompileOne\Temp\token_stream.json --language mini-c
2026-08-08 19:30:33,770 INFO     compileone.backend: backend[lex]: lex: 17 tokens, 0 errors, 0.00 ms -> C:\Users\User\OneDrive - LP Industries\Documents\Limon\Projects\CompileOne\Temp\token_stream.json
2026-08-08 19:30:33,818 DEBUG    compileone.store: artifact saved: C:\Users\User\OneDrive - LP Industries\Documents\Limon\Projects\CompileOne\Temp\token_stream.json
2026-08-08 19:30:33,820 DEBUG    compileone.backend: backend: C:\Users\User\OneDrive - LP Industries\Documents\Limon\Projects\CompileOne\build\compileone.exe parse --input C:\Users\User\OneDrive - LP Industries\Documents\Limon\Projects\CompileOne\Temp\token_stream.json --output C:\Users\User\OneDrive - LP Industries\Documents\Limon\Projects\CompileOne\Temp\parse_tree.json --language mini-c
2026-08-08 19:30:33,908 INFO     compileone.backend: backend[parse]: parse: 1 node(s), 0 errors, 58.00 ms -> C:\Users\User\OneDrive - LP Industries\Documents\Limon\Projects\CompileOne\Temp\parse_tree.json
2026-08-08 19:30:33,957 DEBUG    compileone.store: artifact saved: C:\Users\User\OneDrive - LP Industries\Documents\Limon\Projects\CompileOne\Temp\parse_tree.json
2026-08-08 19:30:33,958 DEBUG    compileone.backend: backend: C:\Users\User\OneDrive - LP Industries\Documents\Limon\Projects\CompileOne\build\compileone.exe ast --input C:\Users\User\OneDrive - LP Industries\Documents\Limon\Projects\CompileOne\Temp\token_stream.json --output C:\Users\User\OneDrive - LP Industries\Documents\Limon\Projects\CompileOne\Temp\ast.json --language mini-c
2026-08-08 19:30:33,992 INFO     compileone.backend: backend[ast]: ast: 0 error(s), 1.00 ms -> C:\Users\User\OneDrive - LP Industries\Documents\Limon\Projects\CompileOne\Temp\ast.json
2026-08-08 19:30:34,040 DEBUG    compileone.store: artifact saved: C:\Users\User\OneDrive - LP Industries\Documents\Limon\Projects\CompileOne\Temp\ast.json
2026-08-08 19:30:34,042 DEBUG    compileone.backend: backend: C:\Users\User\OneDrive - LP Industries\Documents\Limon\Projects\CompileOne\build\compileone.exe semantic --input C:\Users\User\OneDrive - LP Industries\Documents\Limon\Projects\CompileOne\Temp\token_stream.json --output C:\Users\User\OneDrive - LP Industries\Documents\Limon\Projects\CompileOne\Temp\semantic.json --language mini-c
2026-08-08 19:30:34,077 INFO     compileone.backend: backend[semantic]: semantic: valid=1 symbols=0 diagnostics=0, 4.00 ms -> C:\Users\User\OneDrive - LP Industries\Documents\Limon\Projects\CompileOne\Temp\semantic.json
2026-08-08 19:30:34,101 DEBUG    compileone.store: artifact saved: C:\Users\User\OneDrive - LP Industries\Documents\Limon\Projects\CompileOne\Temp\semantic.json
2026-08-08 19:30:34,103 DEBUG    compileone.backend: backend: C:\Users\User\OneDrive - LP Industries\Documents\Limon\Projects\CompileOne\build\compileone.exe ir --input C:\Users\User\OneDrive - LP Industries\Documents\Limon\Projects\CompileOne\Temp\token_stream.json --output C:\Users\User\OneDrive - LP Industries\Documents\Limon\Projects\CompileOne\Temp\ir.json --language mini-c
2026-08-08 19:30:34,136 INFO     compileone.backend: backend[ir]: ir: 6 quad(s), 0.00 ms -> C:\Users\User\OneDrive - LP Industries\Documents\Limon\Projects\CompileOne\Temp\ir.json
2026-08-08 19:30:34,200 DEBUG    compileone.store: artifact saved: C:\Users\User\OneDrive - LP Industries\Documents\Limon\Projects\CompileOne\Temp\ir.json
2026-08-08 19:30:34,202 DEBUG    compileone.backend: backend: C:\Users\User\OneDrive - LP Industries\Documents\Limon\Projects\CompileOne\build\compileone.exe opt --input C:\Users\User\OneDrive - LP Industries\Documents\Limon\Projects\CompileOne\Temp\token_stream.json --output C:\Users\User\OneDrive - LP Industries\Documents\Limon\Projects\CompileOne\Temp\optimization.json --language mini-c
2026-08-08 19:30:34,259 INFO     compileone.backend: backend[opt]: opt: 6 -> 6 instructions (0.0% reduction), 4.00 ms -> C:\Users\User\OneDrive - LP Industries\Documents\Limon\Projects\CompileOne\Temp\optimization.json
2026-08-08 19:30:34,275 DEBUG    compileone.store: artifact saved: C:\Users\User\OneDrive - LP Industries\Documents\Limon\Projects\CompileOne\Temp\optimization.json
2026-08-08 19:30:34,276 DEBUG    compileone.backend: backend: C:\Users\User\OneDrive - LP Industries\Documents\Limon\Projects\CompileOne\build\compileone.exe codegen --input C:\Users\User\OneDrive - LP Industries\Documents\Limon\Projects\CompileOne\Temp\token_stream.json --output C:\Users\User\OneDrive - LP Industries\Documents\Limon\Projects\CompileOne\Temp\assembly.json --language mini-c
2026-08-08 19:30:34,302 INFO     compileone.backend: backend[codegen]: codegen: 24 instruction(s), stack 16 bytes, 0.00 ms -> C:\Users\User\OneDrive - LP Industries\Documents\Limon\Projects\CompileOne\Temp\assembly.json
2026-08-08 19:30:34,345 DEBUG    compileone.store: artifact saved: C:\Users\User\OneDrive - LP Industries\Documents\Limon\Projects\CompileOne\Temp\assembly.json
2026-08-08 19:30:34,347 DEBUG    compileone.backend: backend: C:\Users\User\OneDrive - LP Industries\Documents\Limon\Projects\CompileOne\build\compileone.exe run --input C:\Users\User\OneDrive - LP Industries\Documents\Limon\Projects\CompileOne\Temp\compileone_source.mc --output C:\Users\User\OneDrive - LP Industries\Documents\Limon\Projects\CompileOne\Temp\execution.json --language mini-c
2026-08-08 19:30:34,376 INFO     compileone.backend: backend[run]: run: status=ok exit=0 steps=2, 0.00 ms -> C:\Users\User\OneDrive - LP Industries\Documents\Limon\Projects\CompileOne\Temp\execution.json
2026-08-08 19:30:34,409 DEBUG    compileone.store: artifact saved: C:\Users\User\OneDrive - LP Industries\Documents\Limon\Projects\CompileOne\Temp\execution.json
2026-08-08 19:30:34,410 INFO     compileone.orchestrator: compile_all: 8 phases run, 0 diagnostic(s)
2026-08-08 19:30:34,815 DEBUG    compileone.backend: backend: C:\Users\User\OneDrive - LP Industries\Documents\Limon\Projects\CompileOne\build\compileone.exe lex --input C:\Users\User\OneDrive - LP Industries\Documents\Limon\Projects\CompileOne\Temp\compileone_source.mc --output C:\Users\User\OneDrive - LP Industries\Documents\Limon\Projects\CompileOne\Temp\token_stream.json --language mini-c
2026-08-08 19:30:34,844 INFO     compileone.backend: backend[lex]: lex: 17 tokens, 0 errors, 19.00 ms -> C:\Users\User\OneDrive - LP Industries\Documents\Limon\Projects\CompileOne\Temp\token_stream.json
2026-08-08 19:30:34,902 DEBUG    compileone.store: artifact saved: C:\Users\User\OneDrive - LP Industries\Documents\Limon\Projects\CompileOne\Temp\token_stream.json
2026-08-08 19:30:34,906 DEBUG    compileone.backend: backend: C:\Users\User\OneDrive - LP Industries\Documents\Limon\Projects\CompileOne\build\compileone.exe parse --input C:\Users\User\OneDrive - LP Industries\Documents\Limon\Projects\CompileOne\Temp\token_stream.json --output C:\Users\User\OneDrive - LP Industries\Documents\Limon\Projects\CompileOne\Temp\parse_tree.json --language mini-c
2026-08-08 19:30:35,034 INFO     compileone.backend: backend[parse]: parse: 1 node(s), 0 errors, 39.00 ms -> C:\Users\User\OneDrive - LP Industries\Documents\Limon\Projects\CompileOne\Temp\parse_tree.json
2026-08-08 19:30:35,090 DEBUG    compileone.store: artifact saved: C:\Users\User\OneDrive - LP Industries\Documents\Limon\Projects\CompileOne\Temp\parse_tree.json
2026-08-08 19:30:35,091 DEBUG    compileone.backend: backend: C:\Users\User\OneDrive - LP Industries\Documents\Limon\Projects\CompileOne\build\compileone.exe ast --input C:\Users\User\OneDrive - LP Industries\Documents\Limon\Projects\CompileOne\Temp\token_stream.json --output C:\Users\User\OneDrive - LP Industries\Documents\Limon\Projects\CompileOne\Temp\ast.json --language mini-c
2026-08-08 19:30:35,112 INFO     compileone.backend: backend[ast]: ast: 0 error(s), 2.00 ms -> C:\Users\User\OneDrive - LP Industries\Documents\Limon\Projects\CompileOne\Temp\ast.json
2026-08-08 19:30:35,165 DEBUG    compileone.store: artifact saved: C:\Users\User\OneDrive - LP Industries\Documents\Limon\Projects\CompileOne\Temp\ast.json
2026-08-08 19:30:35,166 DEBUG    compileone.backend: backend: C:\Users\User\OneDrive - LP Industries\Documents\Limon\Projects\CompileOne\build\compileone.exe semantic --input C:\Users\User\OneDrive - LP Industries\Documents\Limon\Projects\CompileOne\Temp\token_stream.json --output C:\Users\User\OneDrive - LP Industries\Documents\Limon\Projects\CompileOne\Temp\semantic.json --language mini-c
2026-08-08 19:30:35,192 INFO     compileone.backend: backend[semantic]: semantic: valid=1 symbols=0 diagnostics=0, 0.00 ms -> C:\Users\User\OneDrive - LP Industries\Documents\Limon\Projects\CompileOne\Temp\semantic.json
2026-08-08 19:30:35,227 DEBUG    compileone.store: artifact saved: C:\Users\User\OneDrive - LP Industries\Documents\Limon\Projects\CompileOne\Temp\semantic.json
2026-08-08 19:30:35,228 DEBUG    compileone.backend: backend: C:\Users\User\OneDrive - LP Industries\Documents\Limon\Projects\CompileOne\build\compileone.exe ir --input C:\Users\User\OneDrive - LP Industries\Documents\Limon\Projects\CompileOne\Temp\token_stream.json --output C:\Users\User\OneDrive - LP Industries\Documents\Limon\Projects\CompileOne\Temp\ir.json --language mini-c
2026-08-08 19:30:35,260 INFO     compileone.backend: backend[ir]: ir: 6 quad(s), 2.00 ms -> C:\Users\User\OneDrive - LP Industries\Documents\Limon\Projects\CompileOne\Temp\ir.json
2026-08-08 19:30:35,305 DEBUG    compileone.store: artifact saved: C:\Users\User\OneDrive - LP Industries\Documents\Limon\Projects\CompileOne\Temp\ir.json
2026-08-08 19:30:35,307 DEBUG    compileone.backend: backend: C:\Users\User\OneDrive - LP Industries\Documents\Limon\Projects\CompileOne\build\compileone.exe opt --input C:\Users\User\OneDrive - LP Industries\Documents\Limon\Projects\CompileOne\Temp\token_stream.json --output C:\Users\User\OneDrive - LP Industries\Documents\Limon\Projects\CompileOne\Temp\optimization.json --language mini-c
2026-08-08 19:30:35,335 INFO     compileone.backend: backend[opt]: opt: 6 -> 6 instructions (0.0% reduction), 0.00 ms -> C:\Users\User\OneDrive - LP Industries\Documents\Limon\Projects\CompileOne\Temp\optimization.json
2026-08-08 19:30:35,374 DEBUG    compileone.store: artifact saved: C:\Users\User\OneDrive - LP Industries\Documents\Limon\Projects\CompileOne\Temp\optimization.json
2026-08-08 19:30:35,375 DEBUG    compileone.backend: backend: C:\Users\User\OneDrive - LP Industries\Documents\Limon\Projects\CompileOne\build\compileone.exe codegen --input C:\Users\User\OneDrive - LP Industries\Documents\Limon\Projects\CompileOne\Temp\token_stream.json --output C:\Users\User\OneDrive - LP Industries\Documents\Limon\Projects\CompileOne\Temp\assembly.json --language mini-c
2026-08-08 19:30:35,397 INFO     compileone.backend: backend[codegen]: codegen: 24 instruction(s), stack 16 bytes, 0.00 ms -> C:\Users\User\OneDrive - LP Industries\Documents\Limon\Projects\CompileOne\Temp\assembly.json
2026-08-08 19:30:35,401 DEBUG    compileone.store: artifact saved: C:\Users\User\OneDrive - LP Industries\Documents\Limon\Projects\CompileOne\Temp\assembly.json
2026-08-08 19:30:35,402 DEBUG    compileone.backend: backend: C:\Users\User\OneDrive - LP Industries\Documents\Limon\Projects\CompileOne\build\compileone.exe run --input C:\Users\User\OneDrive - LP Industries\Documents\Limon\Projects\CompileOne\Temp\compileone_source.mc --output C:\Users\User\OneDrive - LP Industries\Documents\Limon\Projects\CompileOne\Temp\execution.json --language mini-c
2026-08-08 19:30:35,424 INFO     compileone.backend: backend[run]: run: status=ok exit=0 steps=2, 0.00 ms -> C:\Users\User\OneDrive - LP Industries\Documents\Limon\Projects\CompileOne\Temp\execution.json
2026-08-08 19:30:35,426 DEBUG    compileone.store: artifact saved: C:\Users\User\OneDrive - LP Industries\Documents\Limon\Projects\CompileOne\Temp\execution.json
2026-08-08 19:30:35,427 INFO     compileone.orchestrator: compile_all: 8 phases run, 0 diagnostic(s)
2026-08-08 19:30:46,711 DEBUG    compileone.backend: backend: C:\Users\User\OneDrive - LP Industries\Documents\Limon\Projects\CompileOne\build\compileone.exe lex --input C:\Users\User\OneDrive - LP Industries\Documents\Limon\Projects\CompileOne\Temp\compileone_source.c --output C:\Users\User\OneDrive - LP Industries\Documents\Limon\Projects\CompileOne\Temp\token_stream.json --language c
2026-08-08 19:30:46,772 INFO     compileone.backend: backend[lex]: lex: 69 tokens, 0 errors, 25.00 ms -> C:\Users\User\OneDrive - LP Industries\Documents\Limon\Projects\CompileOne\Temp\token_stream.json
2026-08-08 19:30:46,827 DEBUG    compileone.store: artifact saved: C:\Users\User\OneDrive - LP Industries\Documents\Limon\Projects\CompileOne\Temp\token_stream.json
2026-08-08 19:30:46,828 INFO     compileone.orchestrator: compile_all: 1 phases run, 0 diagnostic(s)
2026-08-08 19:30:47,296 DEBUG    compileone.backend: backend: C:\Users\User\OneDrive - LP Industries\Documents\Limon\Projects\CompileOne\build\compileone.exe lex --input C:\Users\User\OneDrive - LP Industries\Documents\Limon\Projects\CompileOne\Temp\compileone_source.c --output C:\Users\User\OneDrive - LP Industries\Documents\Limon\Projects\CompileOne\Temp\token_stream.json --language c
2026-08-08 19:30:47,323 INFO     compileone.backend: backend[lex]: lex: 69 tokens, 0 errors, 8.00 ms -> C:\Users\User\OneDrive - LP Industries\Documents\Limon\Projects\CompileOne\Temp\token_stream.json
2026-08-08 19:30:47,367 DEBUG    compileone.store: artifact saved: C:\Users\User\OneDrive - LP Industries\Documents\Limon\Projects\CompileOne\Temp\token_stream.json
2026-08-08 19:30:47,369 INFO     compileone.orchestrator: compile_all: 1 phases run, 0 diagnostic(s)
2026-08-08 19:30:54,363 DEBUG    compileone.backend: backend: C:\Users\User\OneDrive - LP Industries\Documents\Limon\Projects\CompileOne\build\compileone.exe lex --input C:\Users\User\OneDrive - LP Industries\Documents\Limon\Projects\CompileOne\Temp\compileone_source.c --output C:\Users\User\OneDrive - LP Industries\Documents\Limon\Projects\CompileOne\Temp\token_stream.json --language c
2026-08-08 19:30:54,396 INFO     compileone.backend: backend[lex]: lex: 69 tokens, 0 errors, 0.00 ms -> C:\Users\User\OneDrive - LP Industries\Documents\Limon\Projects\CompileOne\Temp\token_stream.json
2026-08-08 19:30:54,437 DEBUG    compileone.store: artifact saved: C:\Users\User\OneDrive - LP Industries\Documents\Limon\Projects\CompileOne\Temp\token_stream.json
2026-08-08 19:30:54,438 INFO     compileone.orchestrator: compile_all: 1 phases run, 0 diagnostic(s)
2026-08-08 19:31:22,562 DEBUG    compileone.orchestrator: native compile: C:\MinGW\bin\gcc.EXE -o C:\Users\User\OneDrive - LP Industries\Documents\Limon\Projects\CompileOne\Temp\compileone_source.exe C:\Users\User\OneDrive - LP Industries\Documents\Limon\Projects\CompileOne\Temp\compileone_source.c -g
2026-08-08 19:33:22,688 DEBUG    compileone.backend: backend: C:\Users\User\OneDrive - LP Industries\Documents\Limon\Projects\CompileOne\build\compileone.exe lex --input C:\Users\User\OneDrive - LP Industries\Documents\Limon\Projects\CompileOne\Temp\compileone_source.c --output C:\Users\User\OneDrive - LP Industries\Documents\Limon\Projects\CompileOne\Temp\token_stream.json --language c
2026-08-08 19:33:22,761 INFO     compileone.backend: backend[lex]: lex: 155 tokens, 0 errors, 48.00 ms -> C:\Users\User\OneDrive - LP Industries\Documents\Limon\Projects\CompileOne\Temp\token_stream.json
2026-08-08 19:33:22,838 DEBUG    compileone.store: artifact saved: C:\Users\User\OneDrive - LP Industries\Documents\Limon\Projects\CompileOne\Temp\token_stream.json
2026-08-08 19:33:22,841 INFO     compileone.orchestrator: compile_all: 1 phases run, 0 diagnostic(s)
2026-08-08 19:33:26,278 DEBUG    compileone.orchestrator: native compile: C:\MinGW\bin\gcc.EXE -o C:\Users\User\OneDrive - LP Industries\Documents\Limon\Projects\CompileOne\Temp\compileone_source.exe C:\Users\User\OneDrive - LP Industries\Documents\Limon\Projects\CompileOne\Temp\compileone_source.c -g
2026-08-08 19:33:47,724 DEBUG    compileone.orchestrator: native compile: C:\MinGW\bin\gcc.EXE -o C:\Users\User\OneDrive - LP Industries\Documents\Limon\Projects\CompileOne\Temp\compileone_source.exe C:\Users\User\OneDrive - LP Industries\Documents\Limon\Projects\CompileOne\Temp\compileone_source.c -g
2026-08-08 19:34:01,162 DEBUG    compileone.backend: backend: C:\Users\User\OneDrive - LP Industries\Documents\Limon\Projects\CompileOne\build\compileone.exe lex --input C:\Users\User\OneDrive - LP Industries\Documents\Limon\Projects\CompileOne\Temp\compileone_source.cpp --output C:\Users\User\OneDrive - LP Industries\Documents\Limon\Projects\CompileOne\Temp\token_stream.json --language c++
2026-08-08 19:34:01,235 INFO     compileone.backend: backend[lex]: lex: 84 tokens, 0 errors, 24.00 ms -> C:\Users\User\OneDrive - LP Industries\Documents\Limon\Projects\CompileOne\Temp\token_stream.json
2026-08-08 19:34:01,284 DEBUG    compileone.store: artifact saved: C:\Users\User\OneDrive - LP Industries\Documents\Limon\Projects\CompileOne\Temp\token_stream.json
2026-08-08 19:34:01,287 INFO     compileone.orchestrator: compile_all: 1 phases run, 0 diagnostic(s)
2026-08-08 19:34:01,770 DEBUG    compileone.backend: backend: C:\Users\User\OneDrive - LP Industries\Documents\Limon\Projects\CompileOne\build\compileone.exe lex --input C:\Users\User\OneDrive - LP Industries\Documents\Limon\Projects\CompileOne\Temp\compileone_source.cpp --output C:\Users\User\OneDrive - LP Industries\Documents\Limon\Projects\CompileOne\Temp\token_stream.json --language c++
2026-08-08 19:34:01,800 INFO     compileone.backend: backend[lex]: lex: 84 tokens, 0 errors, 0.00 ms -> C:\Users\User\OneDrive - LP Industries\Documents\Limon\Projects\CompileOne\Temp\token_stream.json
2026-08-08 19:34:01,847 DEBUG    compileone.store: artifact saved: C:\Users\User\OneDrive - LP Industries\Documents\Limon\Projects\CompileOne\Temp\token_stream.json
2026-08-08 19:34:01,848 INFO     compileone.orchestrator: compile_all: 1 phases run, 0 diagnostic(s)
2026-08-08 19:34:23,232 DEBUG    compileone.backend: backend: C:\Users\User\OneDrive - LP Industries\Documents\Limon\Projects\CompileOne\build\compileone.exe lex --input C:\Users\User\OneDrive - LP Industries\Documents\Limon\Projects\CompileOne\Temp\compileone_source.cpp --output C:\Users\User\OneDrive - LP Industries\Documents\Limon\Projects\CompileOne\Temp\token_stream.json --language c++
2026-08-08 19:34:23,300 INFO     compileone.backend: backend[lex]: lex: 147 tokens, 0 errors, 48.00 ms -> C:\Users\User\OneDrive - LP Industries\Documents\Limon\Projects\CompileOne\Temp\token_stream.json
2026-08-08 19:34:23,361 DEBUG    compileone.store: artifact saved: C:\Users\User\OneDrive - LP Industries\Documents\Limon\Projects\CompileOne\Temp\token_stream.json
2026-08-08 19:34:23,364 INFO     compileone.orchestrator: compile_all: 1 phases run, 0 diagnostic(s)
2026-08-08 19:34:25,289 DEBUG    compileone.orchestrator: native compile: C:\MinGW\bin\g++.EXE -o C:\Users\User\OneDrive - LP Industries\Documents\Limon\Projects\CompileOne\Temp\compileone_source.exe C:\Users\User\OneDrive - LP Industries\Documents\Limon\Projects\CompileOne\Temp\compileone_source.cpp -g
2026-08-08 19:34:30,294 DEBUG    compileone.orchestrator: native compile: C:\MinGW\bin\g++.EXE -o C:\Users\User\OneDrive - LP Industries\Documents\Limon\Projects\CompileOne\Temp\compileone_source.exe C:\Users\User\OneDrive - LP Industries\Documents\Limon\Projects\CompileOne\Temp\compileone_source.cpp -g
2026-08-08 19:34:31,046 ERROR    compileone.orchestrator: native compile failed:
c:/mingw/bin/../lib/gcc/mingw32/6.3.0/../../../../mingw32/bin/ld.exe: cannot open output file C:\Users\User\OneDrive - LP Industries\Documents\Limon\Projects\CompileOne\Temp\compileone_source.exe: Permission denied
collect2.exe: error: ld returned 1 exit status
2026-08-08 19:34:31,062 DEBUG    compileone.orchestrator: native compile: C:\MinGW\bin\g++.EXE -o C:\Users\User\OneDrive - LP Industries\Documents\Limon\Projects\CompileOne\Temp\compileone_source.exe C:\Users\User\OneDrive - LP Industries\Documents\Limon\Projects\CompileOne\Temp\compileone_source.cpp -g
2026-08-08 19:34:31,771 ERROR    compileone.orchestrator: native compile failed:
c:/mingw/bin/../lib/gcc/mingw32/6.3.0/../../../../mingw32/bin/ld.exe: cannot open output file C:\Users\User\OneDrive - LP Industries\Documents\Limon\Projects\CompileOne\Temp\compileone_source.exe: Permission denied
collect2.exe: error: ld returned 1 exit status
2026-08-08 19:34:31,779 DEBUG    compileone.orchestrator: native compile: C:\MinGW\bin\g++.EXE -o C:\Users\User\OneDrive - LP Industries\Documents\Limon\Projects\CompileOne\Temp\compileone_source.exe C:\Users\User\OneDrive - LP Industries\Documents\Limon\Projects\CompileOne\Temp\compileone_source.cpp -g
2026-08-08 19:34:32,541 ERROR    compileone.orchestrator: native compile failed:
c:/mingw/bin/../lib/gcc/mingw32/6.3.0/../../../../mingw32/bin/ld.exe: cannot open output file C:\Users\User\OneDrive - LP Industries\Documents\Limon\Projects\CompileOne\Temp\compileone_source.exe: Permission denied
collect2.exe: error: ld returned 1 exit status
2026-08-08 19:34:34,530 DEBUG    compileone.orchestrator: native compile: C:\MinGW\bin\g++.EXE -o C:\Users\User\OneDrive - LP Industries\Documents\Limon\Projects\CompileOne\Temp\compileone_source.exe C:\Users\User\OneDrive - LP Industries\Documents\Limon\Projects\CompileOne\Temp\compileone_source.cpp -g
2026-08-08 19:34:35,267 ERROR    compileone.orchestrator: native compile failed:
c:/mingw/bin/../lib/gcc/mingw32/6.3.0/../../../../mingw32/bin/ld.exe: cannot open output file C:\Users\User\OneDrive - LP Industries\Documents\Limon\Projects\CompileOne\Temp\compileone_source.exe: Permission denied
collect2.exe: error: ld returned 1 exit status
2026-08-08 19:34:37,282 DEBUG    compileone.orchestrator: native compile: C:\MinGW\bin\g++.EXE -o C:\Users\User\OneDrive - LP Industries\Documents\Limon\Projects\CompileOne\Temp\compileone_source.exe C:\Users\User\OneDrive - LP Industries\Documents\Limon\Projects\CompileOne\Temp\compileone_source.cpp -g
2026-08-08 19:34:37,917 ERROR    compileone.orchestrator: native compile failed:
c:/mingw/bin/../lib/gcc/mingw32/6.3.0/../../../../mingw32/bin/ld.exe: cannot open output file C:\Users\User\OneDrive - LP Industries\Documents\Limon\Projects\CompileOne\Temp\compileone_source.exe: Permission denied
collect2.exe: error: ld returned 1 exit status
2026-08-08 19:34:42,356 DEBUG    compileone.backend: backend: C:\Users\User\OneDrive - LP Industries\Documents\Limon\Projects\CompileOne\build\compileone.exe lex --input C:\Users\User\OneDrive - LP Industries\Documents\Limon\Projects\CompileOne\Temp\compileone_source.cpp --output C:\Users\User\OneDrive - LP Industries\Documents\Limon\Projects\CompileOne\Temp\token_stream.json --language c++
2026-08-08 19:34:42,375 INFO     compileone.backend: backend[lex]: lex: 147 tokens, 0 errors, 2.00 ms -> C:\Users\User\OneDrive - LP Industries\Documents\Limon\Projects\CompileOne\Temp\token_stream.json
2026-08-08 19:34:42,437 DEBUG    compileone.store: artifact saved: C:\Users\User\OneDrive - LP Industries\Documents\Limon\Projects\CompileOne\Temp\token_stream.json
2026-08-08 19:34:42,439 INFO     compileone.orchestrator: compile_all: 1 phases run, 0 diagnostic(s)
2026-08-08 19:34:44,309 DEBUG    compileone.orchestrator: native compile: C:\MinGW\bin\g++.EXE -o C:\Users\User\OneDrive - LP Industries\Documents\Limon\Projects\CompileOne\Temp\compileone_source.exe C:\Users\User\OneDrive - LP Industries\Documents\Limon\Projects\CompileOne\Temp\compileone_source.cpp -g
2026-08-08 19:34:44,765 ERROR    compileone.orchestrator: native compile failed:
c:/mingw/bin/../lib/gcc/mingw32/6.3.0/../../../../mingw32/bin/ld.exe: cannot open output file C:\Users\User\OneDrive - LP Industries\Documents\Limon\Projects\CompileOne\Temp\compileone_source.exe: Permission denied
collect2.exe: error: ld returned 1 exit status
2026-08-08 19:34:50,704 DEBUG    compileone.orchestrator: native compile: C:\MinGW\bin\g++.EXE -o C:\Users\User\OneDrive - LP Industries\Documents\Limon\Projects\CompileOne\Temp\compileone_source.exe C:\Users\User\OneDrive - LP Industries\Documents\Limon\Projects\CompileOne\Temp\compileone_source.cpp -g
2026-08-08 19:34:51,414 ERROR    compileone.orchestrator: native compile failed:
c:/mingw/bin/../lib/gcc/mingw32/6.3.0/../../../../mingw32/bin/ld.exe: cannot open output file C:\Users\User\OneDrive - LP Industries\Documents\Limon\Projects\CompileOne\Temp\compileone_source.exe: Permission denied
collect2.exe: error: ld returned 1 exit status
2026-08-08 19:34:53,497 DEBUG    compileone.backend: backend: C:\Users\User\OneDrive - LP Industries\Documents\Limon\Projects\CompileOne\build\compileone.exe lex --input C:\Users\User\OneDrive - LP Industries\Documents\Limon\Projects\CompileOne\Temp\compileone_source.cpp --output C:\Users\User\OneDrive - LP Industries\Documents\Limon\Projects\CompileOne\Temp\token_stream.json --language c++
2026-08-08 19:34:53,528 INFO     compileone.backend: backend[lex]: lex: 147 tokens, 0 errors, 2.00 ms -> C:\Users\User\OneDrive - LP Industries\Documents\Limon\Projects\CompileOne\Temp\token_stream.json
2026-08-08 19:34:53,584 DEBUG    compileone.store: artifact saved: C:\Users\User\OneDrive - LP Industries\Documents\Limon\Projects\CompileOne\Temp\token_stream.json
2026-08-08 19:34:53,587 INFO     compileone.orchestrator: compile_all: 1 phases run, 0 diagnostic(s)
2026-08-08 19:34:53,733 DEBUG    compileone.backend: backend: C:\Users\User\OneDrive - LP Industries\Documents\Limon\Projects\CompileOne\build\compileone.exe lex --input C:\Users\User\OneDrive - LP Industries\Documents\Limon\Projects\CompileOne\Temp\compileone_source.cpp --output C:\Users\User\OneDrive - LP Industries\Documents\Limon\Projects\CompileOne\Temp\token_stream.json --language c++
2026-08-08 19:34:53,763 INFO     compileone.backend: backend[lex]: lex: 147 tokens, 0 errors, 2.00 ms -> C:\Users\User\OneDrive - LP Industries\Documents\Limon\Projects\CompileOne\Temp\token_stream.json
2026-08-08 19:34:53,825 DEBUG    compileone.store: artifact saved: C:\Users\User\OneDrive - LP Industries\Documents\Limon\Projects\CompileOne\Temp\token_stream.json
2026-08-08 19:34:53,827 INFO     compileone.orchestrator: compile_all: 1 phases run, 0 diagnostic(s)
2026-08-08 19:34:55,406 DEBUG    compileone.orchestrator: native compile: C:\MinGW\bin\g++.EXE -o C:\Users\User\OneDrive - LP Industries\Documents\Limon\Projects\CompileOne\Temp\compileone_source.exe C:\Users\User\OneDrive - LP Industries\Documents\Limon\Projects\CompileOne\Temp\compileone_source.cpp -g
2026-08-08 19:34:56,023 ERROR    compileone.orchestrator: native compile failed:
c:/mingw/bin/../lib/gcc/mingw32/6.3.0/../../../../mingw32/bin/ld.exe: cannot open output file C:\Users\User\OneDrive - LP Industries\Documents\Limon\Projects\CompileOne\Temp\compileone_source.exe: Permission denied
collect2.exe: error: ld returned 1 exit status
2026-08-08 19:35:04,946 DEBUG    compileone.backend: backend: C:\Users\User\OneDrive - LP Industries\Documents\Limon\Projects\CompileOne\build\compileone.exe lex --input C:\Users\User\OneDrive - LP Industries\Documents\Limon\Projects\CompileOne\Temp\compileone_source.c --output C:\Users\User\OneDrive - LP Industries\Documents\Limon\Projects\CompileOne\Temp\token_stream.json --language c
2026-08-08 19:35:04,965 INFO     compileone.backend: backend[lex]: lex: 69 tokens, 0 errors, 0.00 ms -> C:\Users\User\OneDrive - LP Industries\Documents\Limon\Projects\CompileOne\Temp\token_stream.json
2026-08-08 19:35:05,015 DEBUG    compileone.store: artifact saved: C:\Users\User\OneDrive - LP Industries\Documents\Limon\Projects\CompileOne\Temp\token_stream.json
2026-08-08 19:35:05,018 INFO     compileone.orchestrator: compile_all: 1 phases run, 0 diagnostic(s)
2026-08-08 19:35:05,545 DEBUG    compileone.backend: backend: C:\Users\User\OneDrive - LP Industries\Documents\Limon\Projects\CompileOne\build\compileone.exe lex --input C:\Users\User\OneDrive - LP Industries\Documents\Limon\Projects\CompileOne\Temp\compileone_source.c --output C:\Users\User\OneDrive - LP Industries\Documents\Limon\Projects\CompileOne\Temp\token_stream.json --language c
2026-08-08 19:35:05,575 INFO     compileone.backend: backend[lex]: lex: 69 tokens, 0 errors, 3.00 ms -> C:\Users\User\OneDrive - LP Industries\Documents\Limon\Projects\CompileOne\Temp\token_stream.json
2026-08-08 19:35:05,628 DEBUG    compileone.store: artifact saved: C:\Users\User\OneDrive - LP Industries\Documents\Limon\Projects\CompileOne\Temp\token_stream.json
2026-08-08 19:35:05,629 INFO     compileone.orchestrator: compile_all: 1 phases run, 0 diagnostic(s)
2026-08-08 19:35:09,049 DEBUG    compileone.orchestrator: native compile: C:\MinGW\bin\gcc.EXE -o C:\Users\User\OneDrive - LP Industries\Documents\Limon\Projects\CompileOne\Temp\compileone_source.exe C:\Users\User\OneDrive - LP Industries\Documents\Limon\Projects\CompileOne\Temp\compileone_source.c -g
2026-08-08 19:35:09,434 ERROR    compileone.orchestrator: native compile failed:
c:/mingw/bin/../lib/gcc/mingw32/6.3.0/../../../../mingw32/bin/ld.exe: cannot open output file C:\Users\User\OneDrive - LP Industries\Documents\Limon\Projects\CompileOne\Temp\compileone_source.exe: Permission denied
collect2.exe: error: ld returned 1 exit status
2026-08-08 19:35:11,039 DEBUG    compileone.orchestrator: native compile: C:\MinGW\bin\gcc.EXE -o C:\Users\User\OneDrive - LP Industries\Documents\Limon\Projects\CompileOne\Temp\compileone_source.exe C:\Users\User\OneDrive - LP Industries\Documents\Limon\Projects\CompileOne\Temp\compileone_source.c -g
2026-08-08 19:35:11,443 ERROR    compileone.orchestrator: native compile failed:
c:/mingw/bin/../lib/gcc/mingw32/6.3.0/../../../../mingw32/bin/ld.exe: cannot open output file C:\Users\User\OneDrive - LP Industries\Documents\Limon\Projects\CompileOne\Temp\compileone_source.exe: Permission denied
collect2.exe: error: ld returned 1 exit status
2026-08-08 19:35:11,452 DEBUG    compileone.orchestrator: native compile: C:\MinGW\bin\gcc.EXE -o C:\Users\User\OneDrive - LP Industries\Documents\Limon\Projects\CompileOne\Temp\compileone_source.exe C:\Users\User\OneDrive - LP Industries\Documents\Limon\Projects\CompileOne\Temp\compileone_source.c -g
2026-08-08 19:35:11,834 ERROR    compileone.orchestrator: native compile failed:
c:/mingw/bin/../lib/gcc/mingw32/6.3.0/../../../../mingw32/bin/ld.exe: cannot open output file C:\Users\User\OneDrive - LP Industries\Documents\Limon\Projects\CompileOne\Temp\compileone_source.exe: Permission denied
collect2.exe: error: ld returned 1 exit status
2026-08-08 19:35:12,628 DEBUG    compileone.backend: backend: C:\Users\User\OneDrive - LP Industries\Documents\Limon\Projects\CompileOne\build\compileone.exe lex --input C:\Users\User\OneDrive - LP Industries\Documents\Limon\Projects\CompileOne\Temp\compileone_source.c --output C:\Users\User\OneDrive - LP Industries\Documents\Limon\Projects\CompileOne\Temp\token_stream.json --language c
2026-08-08 19:35:12,659 INFO     compileone.backend: backend[lex]: lex: 69 tokens, 0 errors, 3.00 ms -> C:\Users\User\OneDrive - LP Industries\Documents\Limon\Projects\CompileOne\Temp\token_stream.json
2026-08-08 19:35:12,719 DEBUG    compileone.store: artifact saved: C:\Users\User\OneDrive - LP Industries\Documents\Limon\Projects\CompileOne\Temp\token_stream.json
2026-08-08 19:35:12,720 INFO     compileone.orchestrator: compile_all: 1 phases run, 0 diagnostic(s)
2026-08-08 19:35:14,475 DEBUG    compileone.orchestrator: native compile: C:\MinGW\bin\gcc.EXE -o C:\Users\User\OneDrive - LP Industries\Documents\Limon\Projects\CompileOne\Temp\compileone_source.exe C:\Users\User\OneDrive - LP Industries\Documents\Limon\Projects\CompileOne\Temp\compileone_source.c -g
2026-08-08 19:35:14,846 ERROR    compileone.orchestrator: native compile failed:
c:/mingw/bin/../lib/gcc/mingw32/6.3.0/../../../../mingw32/bin/ld.exe: cannot open output file C:\Users\User\OneDrive - LP Industries\Documents\Limon\Projects\CompileOne\Temp\compileone_source.exe: Permission denied
collect2.exe: error: ld returned 1 exit status
2026-08-08 19:35:15,893 DEBUG    compileone.orchestrator: native compile: C:\MinGW\bin\gcc.EXE -o C:\Users\User\OneDrive - LP Industries\Documents\Limon\Projects\CompileOne\Temp\compileone_source.exe C:\Users\User\OneDrive - LP Industries\Documents\Limon\Projects\CompileOne\Temp\compileone_source.c -g
2026-08-08 19:35:16,280 ERROR    compileone.orchestrator: native compile failed:
c:/mingw/bin/../lib/gcc/mingw32/6.3.0/../../../../mingw32/bin/ld.exe: cannot open output file C:\Users\User\OneDrive - LP Industries\Documents\Limon\Projects\CompileOne\Temp\compileone_source.exe: Permission denied
collect2.exe: error: ld returned 1 exit status
2026-08-08 19:35:16,288 DEBUG    compileone.orchestrator: native compile: C:\MinGW\bin\gcc.EXE -o C:\Users\User\OneDrive - LP Industries\Documents\Limon\Projects\CompileOne\Temp\compileone_source.exe C:\Users\User\OneDrive - LP Industries\Documents\Limon\Projects\CompileOne\Temp\compileone_source.c -g
2026-08-08 19:35:16,654 ERROR    compileone.orchestrator: native compile failed:
c:/mingw/bin/../lib/gcc/mingw32/6.3.0/../../../../mingw32/bin/ld.exe: cannot open output file C:\Users\User\OneDrive - LP Industries\Documents\Limon\Projects\CompileOne\Temp\compileone_source.exe: Permission denied
collect2.exe: error: ld returned 1 exit status
2026-08-08 19:35:23,799 DEBUG    compileone.orchestrator: native compile: C:\MinGW\bin\gcc.EXE -o C:\Users\User\OneDrive - LP Industries\Documents\Limon\Projects\CompileOne\Temp\compileone_source.exe C:\Users\User\OneDrive - LP Industries\Documents\Limon\Projects\CompileOne\Temp\compileone_source.c -g
2026-08-08 19:35:24,154 ERROR    compileone.orchestrator: native compile failed:
c:/mingw/bin/../lib/gcc/mingw32/6.3.0/../../../../mingw32/bin/ld.exe: cannot open output file C:\Users\User\OneDrive - LP Industries\Documents\Limon\Projects\CompileOne\Temp\compileone_source.exe: Permission denied
collect2.exe: error: ld returned 1 exit status
2026-08-08 19:35:58,599 DEBUG    compileone.theme: applied stylesheet C:\Users\User\OneDrive - LP Industries\Documents\Limon\Projects\CompileOne\app\ui\theme\vs_dark.qss
2026-08-08 19:36:01,213 DEBUG    compileone.backend: backend: C:\Users\User\OneDrive - LP Industries\Documents\Limon\Projects\CompileOne\build\compileone.exe lex --input C:\Users\User\OneDrive - LP Industries\Documents\Limon\Projects\CompileOne\Temp\compileone_source.mc --output C:\Users\User\OneDrive - LP Industries\Documents\Limon\Projects\CompileOne\Temp\token_stream.json --language mini-c
2026-08-08 19:36:01,248 INFO     compileone.backend: backend[lex]: lex: 17 tokens, 0 errors, 2.00 ms -> C:\Users\User\OneDrive - LP Industries\Documents\Limon\Projects\CompileOne\Temp\token_stream.json
2026-08-08 19:36:01,299 DEBUG    compileone.store: artifact saved: C:\Users\User\OneDrive - LP Industries\Documents\Limon\Projects\CompileOne\Temp\token_stream.json
2026-08-08 19:36:01,300 DEBUG    compileone.backend: backend: C:\Users\User\OneDrive - LP Industries\Documents\Limon\Projects\CompileOne\build\compileone.exe parse --input C:\Users\User\OneDrive - LP Industries\Documents\Limon\Projects\CompileOne\Temp\token_stream.json --output C:\Users\User\OneDrive - LP Industries\Documents\Limon\Projects\CompileOne\Temp\parse_tree.json --language mini-c
2026-08-08 19:36:01,377 INFO     compileone.backend: backend[parse]: parse: 1 node(s), 0 errors, 55.00 ms -> C:\Users\User\OneDrive - LP Industries\Documents\Limon\Projects\CompileOne\Temp\parse_tree.json
2026-08-08 19:36:01,417 DEBUG    compileone.store: artifact saved: C:\Users\User\OneDrive - LP Industries\Documents\Limon\Projects\CompileOne\Temp\parse_tree.json
2026-08-08 19:36:01,418 DEBUG    compileone.backend: backend: C:\Users\User\OneDrive - LP Industries\Documents\Limon\Projects\CompileOne\build\compileone.exe ast --input C:\Users\User\OneDrive - LP Industries\Documents\Limon\Projects\CompileOne\Temp\token_stream.json --output C:\Users\User\OneDrive - LP Industries\Documents\Limon\Projects\CompileOne\Temp\ast.json --language mini-c
2026-08-08 19:36:01,443 INFO     compileone.backend: backend[ast]: ast: 0 error(s), 2.00 ms -> C:\Users\User\OneDrive - LP Industries\Documents\Limon\Projects\CompileOne\Temp\ast.json
2026-08-08 19:36:01,448 DEBUG    compileone.store: artifact saved: C:\Users\User\OneDrive - LP Industries\Documents\Limon\Projects\CompileOne\Temp\ast.json
2026-08-08 19:36:01,449 DEBUG    compileone.backend: backend: C:\Users\User\OneDrive - LP Industries\Documents\Limon\Projects\CompileOne\build\compileone.exe semantic --input C:\Users\User\OneDrive - LP Industries\Documents\Limon\Projects\CompileOne\Temp\token_stream.json --output C:\Users\User\OneDrive - LP Industries\Documents\Limon\Projects\CompileOne\Temp\semantic.json --language mini-c
2026-08-08 19:36:01,475 INFO     compileone.backend: backend[semantic]: semantic: valid=1 symbols=0 diagnostics=0, 0.00 ms -> C:\Users\User\OneDrive - LP Industries\Documents\Limon\Projects\CompileOne\Temp\semantic.json
2026-08-08 19:36:01,476 DEBUG    compileone.store: artifact saved: C:\Users\User\OneDrive - LP Industries\Documents\Limon\Projects\CompileOne\Temp\semantic.json
2026-08-08 19:36:01,477 DEBUG    compileone.backend: backend: C:\Users\User\OneDrive - LP Industries\Documents\Limon\Projects\CompileOne\build\compileone.exe ir --input C:\Users\User\OneDrive - LP Industries\Documents\Limon\Projects\CompileOne\Temp\token_stream.json --output C:\Users\User\OneDrive - LP Industries\Documents\Limon\Projects\CompileOne\Temp\ir.json --language mini-c
2026-08-08 19:36:01,499 INFO     compileone.backend: backend[ir]: ir: 6 quad(s), 0.00 ms -> C:\Users\User\OneDrive - LP Industries\Documents\Limon\Projects\CompileOne\Temp\ir.json
2026-08-08 19:36:01,503 DEBUG    compileone.store: artifact saved: C:\Users\User\OneDrive - LP Industries\Documents\Limon\Projects\CompileOne\Temp\ir.json
2026-08-08 19:36:01,504 DEBUG    compileone.backend: backend: C:\Users\User\OneDrive - LP Industries\Documents\Limon\Projects\CompileOne\build\compileone.exe opt --input C:\Users\User\OneDrive - LP Industries\Documents\Limon\Projects\CompileOne\Temp\token_stream.json --output C:\Users\User\OneDrive - LP Industries\Documents\Limon\Projects\CompileOne\Temp\optimization.json --language mini-c
2026-08-08 19:36:01,522 INFO     compileone.backend: backend[opt]: opt: 6 -> 6 instructions (0.0% reduction), 5.00 ms -> C:\Users\User\OneDrive - LP Industries\Documents\Limon\Projects\CompileOne\Temp\optimization.json
2026-08-08 19:36:01,570 DEBUG    compileone.store: artifact saved: C:\Users\User\OneDrive - LP Industries\Documents\Limon\Projects\CompileOne\Temp\optimization.json
2026-08-08 19:36:01,584 DEBUG    compileone.backend: backend: C:\Users\User\OneDrive - LP Industries\Documents\Limon\Projects\CompileOne\build\compileone.exe codegen --input C:\Users\User\OneDrive - LP Industries\Documents\Limon\Projects\CompileOne\Temp\token_stream.json --output C:\Users\User\OneDrive - LP Industries\Documents\Limon\Projects\CompileOne\Temp\assembly.json --language mini-c
2026-08-08 19:36:01,633 INFO     compileone.backend: backend[codegen]: codegen: 24 instruction(s), stack 16 bytes, 4.00 ms -> C:\Users\User\OneDrive - LP Industries\Documents\Limon\Projects\CompileOne\Temp\assembly.json
2026-08-08 19:36:01,661 DEBUG    compileone.store: artifact saved: C:\Users\User\OneDrive - LP Industries\Documents\Limon\Projects\CompileOne\Temp\assembly.json
2026-08-08 19:36:01,665 DEBUG    compileone.backend: backend: C:\Users\User\OneDrive - LP Industries\Documents\Limon\Projects\CompileOne\build\compileone.exe run --input C:\Users\User\OneDrive - LP Industries\Documents\Limon\Projects\CompileOne\Temp\compileone_source.mc --output C:\Users\User\OneDrive - LP Industries\Documents\Limon\Projects\CompileOne\Temp\execution.json --language mini-c
2026-08-08 19:36:01,688 INFO     compileone.backend: backend[run]: run: status=ok exit=0 steps=2, 0.00 ms -> C:\Users\User\OneDrive - LP Industries\Documents\Limon\Projects\CompileOne\Temp\execution.json
2026-08-08 19:36:01,690 DEBUG    compileone.store: artifact saved: C:\Users\User\OneDrive - LP Industries\Documents\Limon\Projects\CompileOne\Temp\execution.json
2026-08-08 19:36:01,691 INFO     compileone.orchestrator: compile_all: 8 phases run, 0 diagnostic(s)
2026-08-08 19:36:01,975 DEBUG    compileone.backend: backend: C:\Users\User\OneDrive - LP Industries\Documents\Limon\Projects\CompileOne\build\compileone.exe lex --input C:\Users\User\OneDrive - LP Industries\Documents\Limon\Projects\CompileOne\Temp\compileone_source.mc --output C:\Users\User\OneDrive - LP Industries\Documents\Limon\Projects\CompileOne\Temp\token_stream.json --language mini-c
2026-08-08 19:36:02,006 INFO     compileone.backend: backend[lex]: lex: 17 tokens, 0 errors, 3.00 ms -> C:\Users\User\OneDrive - LP Industries\Documents\Limon\Projects\CompileOne\Temp\token_stream.json
2026-08-08 19:36:02,053 DEBUG    compileone.store: artifact saved: C:\Users\User\OneDrive - LP Industries\Documents\Limon\Projects\CompileOne\Temp\token_stream.json
2026-08-08 19:36:02,054 DEBUG    compileone.backend: backend: C:\Users\User\OneDrive - LP Industries\Documents\Limon\Projects\CompileOne\build\compileone.exe parse --input C:\Users\User\OneDrive - LP Industries\Documents\Limon\Projects\CompileOne\Temp\token_stream.json --output C:\Users\User\OneDrive - LP Industries\Documents\Limon\Projects\CompileOne\Temp\parse_tree.json --language mini-c
2026-08-08 19:36:02,123 INFO     compileone.backend: backend[parse]: parse: 1 node(s), 0 errors, 48.00 ms -> C:\Users\User\OneDrive - LP Industries\Documents\Limon\Projects\CompileOne\Temp\parse_tree.json
2026-08-08 19:36:02,174 DEBUG    compileone.store: artifact saved: C:\Users\User\OneDrive - LP Industries\Documents\Limon\Projects\CompileOne\Temp\parse_tree.json
2026-08-08 19:36:02,175 DEBUG    compileone.backend: backend: C:\Users\User\OneDrive - LP Industries\Documents\Limon\Projects\CompileOne\build\compileone.exe ast --input C:\Users\User\OneDrive - LP Industries\Documents\Limon\Projects\CompileOne\Temp\token_stream.json --output C:\Users\User\OneDrive - LP Industries\Documents\Limon\Projects\CompileOne\Temp\ast.json --language mini-c
2026-08-08 19:36:02,205 INFO     compileone.backend: backend[ast]: ast: 0 error(s), 2.00 ms -> C:\Users\User\OneDrive - LP Industries\Documents\Limon\Projects\CompileOne\Temp\ast.json
2026-08-08 19:36:02,212 DEBUG    compileone.store: artifact saved: C:\Users\User\OneDrive - LP Industries\Documents\Limon\Projects\CompileOne\Temp\ast.json
2026-08-08 19:36:02,215 DEBUG    compileone.backend: backend: C:\Users\User\OneDrive - LP Industries\Documents\Limon\Projects\CompileOne\build\compileone.exe semantic --input C:\Users\User\OneDrive - LP Industries\Documents\Limon\Projects\CompileOne\Temp\token_stream.json --output C:\Users\User\OneDrive - LP Industries\Documents\Limon\Projects\CompileOne\Temp\semantic.json --language mini-c
2026-08-08 19:36:02,245 INFO     compileone.backend: backend[semantic]: semantic: valid=1 symbols=0 diagnostics=0, 0.00 ms -> C:\Users\User\OneDrive - LP Industries\Documents\Limon\Projects\CompileOne\Temp\semantic.json
2026-08-08 19:36:02,248 DEBUG    compileone.store: artifact saved: C:\Users\User\OneDrive - LP Industries\Documents\Limon\Projects\CompileOne\Temp\semantic.json
2026-08-08 19:36:02,252 DEBUG    compileone.backend: backend: C:\Users\User\OneDrive - LP Industries\Documents\Limon\Projects\CompileOne\build\compileone.exe ir --input C:\Users\User\OneDrive - LP Industries\Documents\Limon\Projects\CompileOne\Temp\token_stream.json --output C:\Users\User\OneDrive - LP Industries\Documents\Limon\Projects\CompileOne\Temp\ir.json --language mini-c
2026-08-08 19:36:02,272 INFO     compileone.backend: backend[ir]: ir: 6 quad(s), 2.00 ms -> C:\Users\User\OneDrive - LP Industries\Documents\Limon\Projects\CompileOne\Temp\ir.json
2026-08-08 19:36:02,274 DEBUG    compileone.store: artifact saved: C:\Users\User\OneDrive - LP Industries\Documents\Limon\Projects\CompileOne\Temp\ir.json
2026-08-08 19:36:02,275 DEBUG    compileone.backend: backend: C:\Users\User\OneDrive - LP Industries\Documents\Limon\Projects\CompileOne\build\compileone.exe opt --input C:\Users\User\OneDrive - LP Industries\Documents\Limon\Projects\CompileOne\Temp\token_stream.json --output C:\Users\User\OneDrive - LP Industries\Documents\Limon\Projects\CompileOne\Temp\optimization.json --language mini-c
2026-08-08 19:36:02,294 INFO     compileone.backend: backend[opt]: opt: 6 -> 6 instructions (0.0% reduction), 0.00 ms -> C:\Users\User\OneDrive - LP Industries\Documents\Limon\Projects\CompileOne\Temp\optimization.json
2026-08-08 19:36:02,298 DEBUG    compileone.store: artifact saved: C:\Users\User\OneDrive - LP Industries\Documents\Limon\Projects\CompileOne\Temp\optimization.json
2026-08-08 19:36:02,299 DEBUG    compileone.backend: backend: C:\Users\User\OneDrive - LP Industries\Documents\Limon\Projects\CompileOne\build\compileone.exe codegen --input C:\Users\User\OneDrive - LP Industries\Documents\Limon\Projects\CompileOne\Temp\token_stream.json --output C:\Users\User\OneDrive - LP Industries\Documents\Limon\Projects\CompileOne\Temp\assembly.json --language mini-c
2026-08-08 19:36:02,317 INFO     compileone.backend: backend[codegen]: codegen: 24 instruction(s), stack 16 bytes, 0.00 ms -> C:\Users\User\OneDrive - LP Industries\Documents\Limon\Projects\CompileOne\Temp\assembly.json
2026-08-08 19:36:02,320 DEBUG    compileone.store: artifact saved: C:\Users\User\OneDrive - LP Industries\Documents\Limon\Projects\CompileOne\Temp\assembly.json
2026-08-08 19:36:02,321 DEBUG    compileone.backend: backend: C:\Users\User\OneDrive - LP Industries\Documents\Limon\Projects\CompileOne\build\compileone.exe run --input C:\Users\User\OneDrive - LP Industries\Documents\Limon\Projects\CompileOne\Temp\compileone_source.mc --output C:\Users\User\OneDrive - LP Industries\Documents\Limon\Projects\CompileOne\Temp\execution.json --language mini-c
2026-08-08 19:36:02,338 INFO     compileone.backend: backend[run]: run: status=ok exit=0 steps=2, 0.00 ms -> C:\Users\User\OneDrive - LP Industries\Documents\Limon\Projects\CompileOne\Temp\execution.json
2026-08-08 19:36:02,341 DEBUG    compileone.store: artifact saved: C:\Users\User\OneDrive - LP Industries\Documents\Limon\Projects\CompileOne\Temp\execution.json
2026-08-08 19:36:02,342 INFO     compileone.orchestrator: compile_all: 8 phases run, 0 diagnostic(s)
2026-08-08 19:36:05,790 DEBUG    compileone.backend: backend: C:\Users\User\OneDrive - LP Industries\Documents\Limon\Projects\CompileOne\build\compileone.exe lex --input C:\Users\User\OneDrive - LP Industries\Documents\Limon\Projects\CompileOne\Temp\compileone_source.cpp --output C:\Users\User\OneDrive - LP Industries\Documents\Limon\Projects\CompileOne\Temp\token_stream.json --language c++
2026-08-08 19:36:05,822 INFO     compileone.backend: backend[lex]: lex: 84 tokens, 0 errors, 0.00 ms -> C:\Users\User\OneDrive - LP Industries\Documents\Limon\Projects\CompileOne\Temp\token_stream.json
2026-08-08 19:36:05,881 DEBUG    compileone.store: artifact saved: C:\Users\User\OneDrive - LP Industries\Documents\Limon\Projects\CompileOne\Temp\token_stream.json
2026-08-08 19:36:05,883 INFO     compileone.orchestrator: compile_all: 1 phases run, 0 diagnostic(s)
2026-08-08 19:36:06,375 DEBUG    compileone.backend: backend: C:\Users\User\OneDrive - LP Industries\Documents\Limon\Projects\CompileOne\build\compileone.exe lex --input C:\Users\User\OneDrive - LP Industries\Documents\Limon\Projects\CompileOne\Temp\compileone_source.cpp --output C:\Users\User\OneDrive - LP Industries\Documents\Limon\Projects\CompileOne\Temp\token_stream.json --language c++
2026-08-08 19:36:06,404 INFO     compileone.backend: backend[lex]: lex: 84 tokens, 0 errors, 5.00 ms -> C:\Users\User\OneDrive - LP Industries\Documents\Limon\Projects\CompileOne\Temp\token_stream.json
2026-08-08 19:36:06,457 DEBUG    compileone.store: artifact saved: C:\Users\User\OneDrive - LP Industries\Documents\Limon\Projects\CompileOne\Temp\token_stream.json
2026-08-08 19:36:06,459 INFO     compileone.orchestrator: compile_all: 1 phases run, 0 diagnostic(s)
2026-08-08 19:36:09,182 DEBUG    compileone.backend: backend: C:\Users\User\OneDrive - LP Industries\Documents\Limon\Projects\CompileOne\build\compileone.exe lex --input C:\Users\User\OneDrive - LP Industries\Documents\Limon\Projects\CompileOne\Temp\compileone_source.cpp --output C:\Users\User\OneDrive - LP Industries\Documents\Limon\Projects\CompileOne\Temp\token_stream.json --language c++
2026-08-08 19:36:09,273 INFO     compileone.backend: backend[lex]: lex: 83 tokens, 9 errors, 60.00 ms -> C:\Users\User\OneDrive - LP Industries\Documents\Limon\Projects\CompileOne\Temp\token_stream.json
2026-08-08 19:36:09,325 DEBUG    compileone.store: artifact saved: C:\Users\User\OneDrive - LP Industries\Documents\Limon\Projects\CompileOne\Temp\token_stream.json
2026-08-08 19:36:09,333 INFO     compileone.orchestrator: compile_all: 1 phases run, 9 diagnostic(s)
2026-08-08 19:36:09,344 INFO     compileone.token_view: token view: 83 token(s), 9 error(s)
2026-08-08 19:36:13,751 DEBUG    compileone.backend: backend: C:\Users\User\OneDrive - LP Industries\Documents\Limon\Projects\CompileOne\build\compileone.exe lex --input C:\Users\User\OneDrive - LP Industries\Documents\Limon\Projects\CompileOne\Temp\compileone_source.cpp --output C:\Users\User\OneDrive - LP Industries\Documents\Limon\Projects\CompileOne\Temp\token_stream.json --language c++
2026-08-08 19:36:13,782 INFO     compileone.backend: backend[lex]: lex: 147 tokens, 0 errors, 4.00 ms -> C:\Users\User\OneDrive - LP Industries\Documents\Limon\Projects\CompileOne\Temp\token_stream.json
2026-08-08 19:36:13,846 DEBUG    compileone.store: artifact saved: C:\Users\User\OneDrive - LP Industries\Documents\Limon\Projects\CompileOne\Temp\token_stream.json
2026-08-08 19:36:13,849 INFO     compileone.orchestrator: compile_all: 1 phases run, 0 diagnostic(s)
2026-08-08 19:36:16,378 DEBUG    compileone.orchestrator: native compile: C:\MinGW\bin\g++.EXE -o C:\Users\User\OneDrive - LP Industries\Documents\Limon\Projects\CompileOne\Temp\compileone_source.exe C:\Users\User\OneDrive - LP Industries\Documents\Limon\Projects\CompileOne\Temp\compileone_source.cpp -g
